Hours,Month
1,7
2,7
3,7
4,7
5,7
6,7
7,7
8,7
9,7
10,7
11,7
12,7
13,7
14,7
15,7
16,7
17,7
18,7
19,7
20,7
21,7
22,7
23,7
24,7
25,7
26,7
27,7
28,7
29,7
30,7
31,7
32,7
33,7
34,7
35,7
36,7
37,7
38,7
39,7
40,7
41,7
42,7
43,7
44,7
45,7
46,7
47,7
48,7
49,7
50,7
51,7
52,7
53,7
54,7
55,7
56,7
57,7
58,7
59,7
60,7
61,7
62,7
63,7
64,7
65,7
66,7
67,7
68,7
69,7
70,7
71,7
72,7
73,7
74,7
75,7
76,7
77,7
78,7
79,7
80,7
81,7
82,7
83,7
84,7
85,7
86,7
87,7
88,7
89,7
90,7
91,7
92,7
93,7
94,7
95,7
96,7
97,7
98,7
99,7
100,7
101,7
102,7
103,7
104,7
105,7
106,7
107,7
108,7
109,7
110,7
111,7
112,7
113,7
114,7
115,7
116,7
117,7
118,7
119,7
120,7
121,7
122,7
123,7
124,7
125,7
126,7
127,7
128,7
129,7
130,7
131,7
132,7
133,7
134,7
135,7
136,7
137,7
138,7
139,7
140,7
141,7
142,7
143,7
144,7
145,7
146,7
147,7
148,7
149,7
150,7
151,7
152,7
153,7
154,7
155,7
156,7
157,7
158,7
159,7
160,7
161,7
162,7
163,7
164,7
165,7
166,7
167,7
168,7
169,7
170,7
171,7
172,7
173,7
174,7
175,7
176,7
177,7
178,7
179,7
180,7
181,7
182,7
183,7
184,7
185,7
186,7
187,7
188,7
189,7
190,7
191,7
192,7
193,7
194,7
195,7
196,7
197,7
198,7
199,7
200,7
201,7
202,7
203,7
204,7
205,7
206,7
207,7
208,7
209,7
210,7
211,7
212,7
213,7
214,7
215,7
216,7
217,7
218,7
219,7
220,7
221,7
222,7
223,7
224,7
225,7
226,7
227,7
228,7
229,7
230,7
231,7
232,7
233,7
234,7
235,7
236,7
237,7
238,7
239,7
240,7
241,7
242,7
243,7
244,7
245,7
246,7
247,7
248,7
249,7
250,7
251,7
252,7
253,7
254,7
255,7
256,7
257,7
258,7
259,7
260,7
261,7
262,7
263,7
264,7
265,7
266,7
267,7
268,7
269,7
270,7
271,7
272,7
273,7
274,7
275,7
276,7
277,7
278,7
279,7
280,7
281,7
282,7
283,7
284,7
285,7
286,7
287,7
288,7
289,7
290,7
291,7
292,7
293,7
294,7
295,7
296,7
297,7
298,7
299,7
300,7
301,7
302,7
303,7
304,7
305,7
306,7
307,7
308,7
309,7
310,7
311,7
312,7
313,7
314,7
315,7
316,7
317,7
318,7
319,7
320,7
321,7
322,7
323,7
324,7
325,7
326,7
327,7
328,7
329,7
330,7
331,7
332,7
333,7
334,7
335,7
336,7
337,7
338,7
339,7
340,7
341,7
342,7
343,7
344,7
345,7
346,7
347,7
348,7
349,7
350,7
351,7
352,7
353,7
354,7
355,7
356,7
357,7
358,7
359,7
360,7
361,7
362,7
363,7
364,7
365,7
366,7
367,7
368,7
369,7
370,7
371,7
372,7
373,7
374,7
375,7
376,7
377,7
378,7
379,7
380,7
381,7
382,7
383,7
384,7
385,7
386,7
387,7
388,7
389,7
390,7
391,7
392,7
393,7
394,7
395,7
396,7
397,7
398,7
399,7
400,7
401,7
402,7
403,7
404,7
405,7
406,7
407,7
408,7
409,7
410,7
411,7
412,7
413,7
414,7
415,7
416,7
417,7
418,7
419,7
420,7
421,7
422,7
423,7
424,7
425,7
426,7
427,7
428,7
429,7
430,7
431,7
432,7
433,7
434,7
435,7
436,7
437,7
438,7
439,7
440,7
441,7
442,7
443,7
444,7
445,7
446,7
447,7
448,7
449,7
450,7
451,7
452,7
453,7
454,7
455,7
456,7
457,7
458,7
459,7
460,7
461,7
462,7
463,7
464,7
465,7
466,7
467,7
468,7
469,7
470,7
471,7
472,7
473,7
474,7
475,7
476,7
477,7
478,7
479,7
480,7
481,7
482,7
483,7
484,7
485,7
486,7
487,7
488,7
489,7
490,7
491,7
492,7
493,7
494,7
495,7
496,7
497,7
498,7
499,7
500,7
501,7
502,7
503,7
504,7
505,7
506,7
507,7
508,7
509,7
510,7
511,7
512,7
513,7
514,7
515,7
516,7
517,7
518,7
519,7
520,7
521,7
522,7
523,7
524,7
525,7
526,7
527,7
528,7
529,7
530,7
531,7
532,7
533,7
534,7
535,7
536,7
537,7
538,7
539,7
540,7
541,7
542,7
543,7
544,7
545,7
546,7
547,7
548,7
549,7
550,7
551,7
552,7
553,7
554,7
555,7
556,7
557,7
558,7
559,7
560,7
561,7
562,7
563,7
564,7
565,7
566,7
567,7
568,7
569,7
570,7
571,7
572,7
573,7
574,7
575,7
576,7
577,7
578,7
579,7
580,7
581,7
582,7
583,7
584,7
585,7
586,7
587,7
588,7
589,7
590,7
591,7
592,7
593,7
594,7
595,7
596,7
597,7
598,7
599,7
600,7
601,7
602,7
603,7
604,7
605,7
606,7
607,7
608,7
609,7
610,7
611,7
612,7
613,7
614,7
615,7
616,7
617,7
618,7
619,7
620,7
621,7
622,7
623,7
624,7
625,7
626,7
627,7
628,7
629,7
630,7
631,7
632,7
633,7
634,7
635,7
636,7
637,7
638,7
639,7
640,7
641,7
642,7
643,7
644,7
645,7
646,7
647,7
648,7
649,7
650,7
651,7
652,7
653,7
654,7
655,7
656,7
657,7
658,7
659,7
660,7
661,7
662,7
663,7
664,7
665,7
666,7
667,7
668,7
669,7
670,7
671,7
672,7
673,7
674,7
675,7
676,7
677,7
678,7
679,7
680,7
681,7
682,7
683,7
684,7
685,7
686,7
687,7
688,7
689,7
690,7
691,7
692,7
693,7
694,7
695,7
696,7
697,7
698,7
699,7
700,7
701,7
702,7
703,7
704,7
705,7
706,7
707,7
708,7
709,7
710,7
711,7
712,7
713,7
714,7
715,7
716,7
717,7
718,7
719,7
720,7
721,7
722,7
723,7
724,7
725,7
726,7
727,7
728,7
729,7
730,7
731,7
732,7
733,7
734,7
735,7
736,7
737,7
738,7
739,7
740,7
741,7
742,7
743,7
744,7
745,8
746,8
747,8
748,8
749,8
750,8
751,8
752,8
753,8
754,8
755,8
756,8
757,8
758,8
759,8
760,8
761,8
762,8
763,8
764,8
765,8
766,8
767,8
768,8
769,8
770,8
771,8
772,8
773,8
774,8
775,8
776,8
777,8
778,8
779,8
780,8
781,8
782,8
783,8
784,8
785,8
786,8
787,8
788,8
789,8
790,8
791,8
792,8
793,8
794,8
795,8
796,8
797,8
798,8
799,8
800,8
801,8
802,8
803,8
804,8
805,8
806,8
807,8
808,8
809,8
810,8
811,8
812,8
813,8
814,8
815,8
816,8
817,8
818,8
819,8
820,8
821,8
822,8
823,8
824,8
825,8
826,8
827,8
828,8
829,8
830,8
831,8
832,8
833,8
834,8
835,8
836,8
837,8
838,8
839,8
840,8
841,8
842,8
843,8
844,8
845,8
846,8
847,8
848,8
849,8
850,8
851,8
852,8
853,8
854,8
855,8
856,8
857,8
858,8
859,8
860,8
861,8
862,8
863,8
864,8
865,8
866,8
867,8
868,8
869,8
870,8
871,8
872,8
873,8
874,8
875,8
876,8
877,8
878,8
879,8
880,8
881,8
882,8
883,8
884,8
885,8
886,8
887,8
888,8
889,8
890,8
891,8
892,8
893,8
894,8
895,8
896,8
897,8
898,8
899,8
900,8
901,8
902,8
903,8
904,8
905,8
906,8
907,8
908,8
909,8
910,8
911,8
912,8
913,8
914,8
915,8
916,8
917,8
918,8
919,8
920,8
921,8
922,8
923,8
924,8
925,8
926,8
927,8
928,8
929,8
930,8
931,8
932,8
933,8
934,8
935,8
936,8
937,8
938,8
939,8
940,8
941,8
942,8
943,8
944,8
945,8
946,8
947,8
948,8
949,8
950,8
951,8
952,8
953,8
954,8
955,8
956,8
957,8
958,8
959,8
960,8
961,8
962,8
963,8
964,8
965,8
966,8
967,8
968,8
969,8
970,8
971,8
972,8
973,8
974,8
975,8
976,8
977,8
978,8
979,8
980,8
981,8
982,8
983,8
984,8
985,8
986,8
987,8
988,8
989,8
990,8
991,8
992,8
993,8
994,8
995,8
996,8
997,8
998,8
999,8
1000,8
1001,8
1002,8
1003,8
1004,8
1005,8
1006,8
1007,8
1008,8
1009,8
1010,8
1011,8
1012,8
1013,8
1014,8
1015,8
1016,8
1017,8
1018,8
1019,8
1020,8
1021,8
1022,8
1023,8
1024,8
1025,8
1026,8
1027,8
1028,8
1029,8
1030,8
1031,8
1032,8
1033,8
1034,8
1035,8
1036,8
1037,8
1038,8
1039,8
1040,8
1041,8
1042,8
1043,8
1044,8
1045,8
1046,8
1047,8
1048,8
1049,8
1050,8
1051,8
1052,8
1053,8
1054,8
1055,8
1056,8
1057,8
1058,8
1059,8
1060,8
1061,8
1062,8
1063,8
1064,8
1065,8
1066,8
1067,8
1068,8
1069,8
1070,8
1071,8
1072,8
1073,8
1074,8
1075,8
1076,8
1077,8
1078,8
1079,8
1080,8
1081,8
1082,8
1083,8
1084,8
1085,8
1086,8
1087,8
1088,8
1089,8
1090,8
1091,8
1092,8
1093,8
1094,8
1095,8
1096,8
1097,8
1098,8
1099,8
1100,8
1101,8
1102,8
1103,8
1104,8
1105,8
1106,8
1107,8
1108,8
1109,8
1110,8
1111,8
1112,8
1113,8
1114,8
1115,8
1116,8
1117,8
1118,8
1119,8
1120,8
1121,8
1122,8
1123,8
1124,8
1125,8
1126,8
1127,8
1128,8
1129,8
1130,8
1131,8
1132,8
1133,8
1134,8
1135,8
1136,8
1137,8
1138,8
1139,8
1140,8
1141,8
1142,8
1143,8
1144,8
1145,8
1146,8
1147,8
1148,8
1149,8
1150,8
1151,8
1152,8
1153,8
1154,8
1155,8
1156,8
1157,8
1158,8
1159,8
1160,8
1161,8
1162,8
1163,8
1164,8
1165,8
1166,8
1167,8
1168,8
1169,8
1170,8
1171,8
1172,8
1173,8
1174,8
1175,8
1176,8
1177,8
1178,8
1179,8
1180,8
1181,8
1182,8
1183,8
1184,8
1185,8
1186,8
1187,8
1188,8
1189,8
1190,8
1191,8
1192,8
1193,8
1194,8
1195,8
1196,8
1197,8
1198,8
1199,8
1200,8
1201,8
1202,8
1203,8
1204,8
1205,8
1206,8
1207,8
1208,8
1209,8
1210,8
1211,8
1212,8
1213,8
1214,8
1215,8
1216,8
1217,8
1218,8
1219,8
1220,8
1221,8
1222,8
1223,8
1224,8
1225,8
1226,8
1227,8
1228,8
1229,8
1230,8
1231,8
1232,8
1233,8
1234,8
1235,8
1236,8
1237,8
1238,8
1239,8
1240,8
1241,8
1242,8
1243,8
1244,8
1245,8
1246,8
1247,8
1248,8
1249,8
1250,8
1251,8
1252,8
1253,8
1254,8
1255,8
1256,8
1257,8
1258,8
1259,8
1260,8
1261,8
1262,8
1263,8
1264,8
1265,8
1266,8
1267,8
1268,8
1269,8
1270,8
1271,8
1272,8
1273,8
1274,8
1275,8
1276,8
1277,8
1278,8
1279,8
1280,8
1281,8
1282,8
1283,8
1284,8
1285,8
1286,8
1287,8
1288,8
1289,8
1290,8
1291,8
1292,8
1293,8
1294,8
1295,8
1296,8
1297,8
1298,8
1299,8
1300,8
1301,8
1302,8
1303,8
1304,8
1305,8
1306,8
1307,8
1308,8
1309,8
1310,8
1311,8
1312,8
1313,8
1314,8
1315,8
1316,8
1317,8
1318,8
1319,8
1320,8
1321,8
1322,8
1323,8
1324,8
1325,8
1326,8
1327,8
1328,8
1329,8
1330,8
1331,8
1332,8
1333,8
1334,8
1335,8
1336,8
1337,8
1338,8
1339,8
1340,8
1341,8
1342,8
1343,8
1344,8
1345,8
1346,8
1347,8
1348,8
1349,8
1350,8
1351,8
1352,8
1353,8
1354,8
1355,8
1356,8
1357,8
1358,8
1359,8
1360,8
1361,8
1362,8
1363,8
1364,8
1365,8
1366,8
1367,8
1368,8
1369,8
1370,8
1371,8
1372,8
1373,8
1374,8
1375,8
1376,8
1377,8
1378,8
1379,8
1380,8
1381,8
1382,8
1383,8
1384,8
1385,8
1386,8
1387,8
1388,8
1389,8
1390,8
1391,8
1392,8
1393,8
1394,8
1395,8
1396,8
1397,8
1398,8
1399,8
1400,8
1401,8
1402,8
1403,8
1404,8
1405,8
1406,8
1407,8
1408,8
1409,8
1410,8
1411,8
1412,8
1413,8
1414,8
1415,8
1416,8
1417,8
1418,8
1419,8
1420,8
1421,8
1422,8
1423,8
1424,8
1425,8
1426,8
1427,8
1428,8
1429,8
1430,8
1431,8
1432,8
1433,8
1434,8
1435,8
1436,8
1437,8
1438,8
1439,8
1440,8
1441,8
1442,8
1443,8
1444,8
1445,8
1446,8
1447,8
1448,8
1449,8
1450,8
1451,8
1452,8
1453,8
1454,8
1455,8
1456,8
1457,8
1458,8
1459,8
1460,8
1461,8
1462,8
1463,8
1464,8
1465,8
1466,8
1467,8
1468,8
1469,8
1470,8
1471,8
1472,8
1473,8
1474,8
1475,8
1476,8
1477,8
1478,8
1479,8
1480,8
1481,8
1482,8
1483,8
1484,8
1485,8
1486,8
1487,8
1488,8
1489,9
1490,9
1491,9
1492,9
1493,9
1494,9
1495,9
1496,9
1497,9
1498,9
1499,9
1500,9
1501,9
1502,9
1503,9
1504,9
1505,9
1506,9
1507,9
1508,9
1509,9
1510,9
1511,9
1512,9
1513,9
1514,9
1515,9
1516,9
1517,9
1518,9
1519,9
1520,9
1521,9
1522,9
1523,9
1524,9
1525,9
1526,9
1527,9
1528,9
1529,9
1530,9
1531,9
1532,9
1533,9
1534,9
1535,9
1536,9
1537,9
1538,9
1539,9
1540,9
1541,9
1542,9
1543,9
1544,9
1545,9
1546,9
1547,9
1548,9
1549,9
1550,9
1551,9
1552,9
1553,9
1554,9
1555,9
1556,9
1557,9
1558,9
1559,9
1560,9
1561,9
1562,9
1563,9
1564,9
1565,9
1566,9
1567,9
1568,9
1569,9
1570,9
1571,9
1572,9
1573,9
1574,9
1575,9
1576,9
1577,9
1578,9
1579,9
1580,9
1581,9
1582,9
1583,9
1584,9
1585,9
1586,9
1587,9
1588,9
1589,9
1590,9
1591,9
1592,9
1593,9
1594,9
1595,9
1596,9
1597,9
1598,9
1599,9
1600,9
1601,9
1602,9
1603,9
1604,9
1605,9
1606,9
1607,9
1608,9
1609,9
1610,9
1611,9
1612,9
1613,9
1614,9
1615,9
1616,9
1617,9
1618,9
1619,9
1620,9
1621,9
1622,9
1623,9
1624,9
1625,9
1626,9
1627,9
1628,9
1629,9
1630,9
1631,9
1632,9
1633,9
1634,9
1635,9
1636,9
1637,9
1638,9
1639,9
1640,9
1641,9
1642,9
1643,9
1644,9
1645,9
1646,9
1647,9
1648,9
1649,9
1650,9
1651,9
1652,9
1653,9
1654,9
1655,9
1656,9
1657,9
1658,9
1659,9
1660,9
1661,9
1662,9
1663,9
1664,9
1665,9
1666,9
1667,9
1668,9
1669,9
1670,9
1671,9
1672,9
1673,9
1674,9
1675,9
1676,9
1677,9
1678,9
1679,9
1680,9
1681,9
1682,9
1683,9
1684,9
1685,9
1686,9
1687,9
1688,9
1689,9
1690,9
1691,9
1692,9
1693,9
1694,9
1695,9
1696,9
1697,9
1698,9
1699,9
1700,9
1701,9
1702,9
1703,9
1704,9
1705,9
1706,9
1707,9
1708,9
1709,9
1710,9
1711,9
1712,9
1713,9
1714,9
1715,9
1716,9
1717,9
1718,9
1719,9
1720,9
1721,9
1722,9
1723,9
1724,9
1725,9
1726,9
1727,9
1728,9
1729,9
1730,9
1731,9
1732,9
1733,9
1734,9
1735,9
1736,9
1737,9
1738,9
1739,9
1740,9
1741,9
1742,9
1743,9
1744,9
1745,9
1746,9
1747,9
1748,9
1749,9
1750,9
1751,9
1752,9
1753,9
1754,9
1755,9
1756,9
1757,9
1758,9
1759,9
1760,9
1761,9
1762,9
1763,9
1764,9
1765,9
1766,9
1767,9
1768,9
1769,9
1770,9
1771,9
1772,9
1773,9
1774,9
1775,9
1776,9
1777,9
1778,9
1779,9
1780,9
1781,9
1782,9
1783,9
1784,9
1785,9
1786,9
1787,9
1788,9
1789,9
1790,9
1791,9
1792,9
1793,9
1794,9
1795,9
1796,9
1797,9
1798,9
1799,9
1800,9
1801,9
1802,9
1803,9
1804,9
1805,9
1806,9
1807,9
1808,9
1809,9
1810,9
1811,9
1812,9
1813,9
1814,9
1815,9
1816,9
1817,9
1818,9
1819,9
1820,9
1821,9
1822,9
1823,9
1824,9
1825,9
1826,9
1827,9
1828,9
1829,9
1830,9
1831,9
1832,9
1833,9
1834,9
1835,9
1836,9
1837,9
1838,9
1839,9
1840,9
1841,9
1842,9
1843,9
1844,9
1845,9
1846,9
1847,9
1848,9
1849,9
1850,9
1851,9
1852,9
1853,9
1854,9
1855,9
1856,9
1857,9
1858,9
1859,9
1860,9
1861,9
1862,9
1863,9
1864,9
1865,9
1866,9
1867,9
1868,9
1869,9
1870,9
1871,9
1872,9
1873,9
1874,9
1875,9
1876,9
1877,9
1878,9
1879,9
1880,9
1881,9
1882,9
1883,9
1884,9
1885,9
1886,9
1887,9
1888,9
1889,9
1890,9
1891,9
1892,9
1893,9
1894,9
1895,9
1896,9
1897,9
1898,9
1899,9
1900,9
1901,9
1902,9
1903,9
1904,9
1905,9
1906,9
1907,9
1908,9
1909,9
1910,9
1911,9
1912,9
1913,9
1914,9
1915,9
1916,9
1917,9
1918,9
1919,9
1920,9
1921,9
1922,9
1923,9
1924,9
1925,9
1926,9
1927,9
1928,9
1929,9
1930,9
1931,9
1932,9
1933,9
1934,9
1935,9
1936,9
1937,9
1938,9
1939,9
1940,9
1941,9
1942,9
1943,9
1944,9
1945,9
1946,9
1947,9
1948,9
1949,9
1950,9
1951,9
1952,9
1953,9
1954,9
1955,9
1956,9
1957,9
1958,9
1959,9
1960,9
1961,9
1962,9
1963,9
1964,9
1965,9
1966,9
1967,9
1968,9
1969,9
1970,9
1971,9
1972,9
1973,9
1974,9
1975,9
1976,9
1977,9
1978,9
1979,9
1980,9
1981,9
1982,9
1983,9
1984,9
1985,9
1986,9
1987,9
1988,9
1989,9
1990,9
1991,9
1992,9
1993,9
1994,9
1995,9
1996,9
1997,9
1998,9
1999,9
2000,9
2001,9
2002,9
2003,9
2004,9
2005,9
2006,9
2007,9
2008,9
2009,9
2010,9
2011,9
2012,9
2013,9
2014,9
2015,9
2016,9
2017,9
2018,9
2019,9
2020,9
2021,9
2022,9
2023,9
2024,9
2025,9
2026,9
2027,9
2028,9
2029,9
2030,9
2031,9
2032,9
2033,9
2034,9
2035,9
2036,9
2037,9
2038,9
2039,9
2040,9
2041,9
2042,9
2043,9
2044,9
2045,9
2046,9
2047,9
2048,9
2049,9
2050,9
2051,9
2052,9
2053,9
2054,9
2055,9
2056,9
2057,9
2058,9
2059,9
2060,9
2061,9
2062,9
2063,9
2064,9
2065,9
2066,9
2067,9
2068,9
2069,9
2070,9
2071,9
2072,9
2073,9
2074,9
2075,9
2076,9
2077,9
2078,9
2079,9
2080,9
2081,9
2082,9
2083,9
2084,9
2085,9
2086,9
2087,9
2088,9
2089,9
2090,9
2091,9
2092,9
2093,9
2094,9
2095,9
2096,9
2097,9
2098,9
2099,9
2100,9
2101,9
2102,9
2103,9
2104,9
2105,9
2106,9
2107,9
2108,9
2109,9
2110,9
2111,9
2112,9
2113,9
2114,9
2115,9
2116,9
2117,9
2118,9
2119,9
2120,9
2121,9
2122,9
2123,9
2124,9
2125,9
2126,9
2127,9
2128,9
2129,9
2130,9
2131,9
2132,9
2133,9
2134,9
2135,9
2136,9
2137,9
2138,9
2139,9
2140,9
2141,9
2142,9
2143,9
2144,9
2145,9
2146,9
2147,9
2148,9
2149,9
2150,9
2151,9
2152,9
2153,9
2154,9
2155,9
2156,9
2157,9
2158,9
2159,9
2160,9
2161,9
2162,9
2163,9
2164,9
2165,9
2166,9
2167,9
2168,9
2169,9
2170,9
2171,9
2172,9
2173,9
2174,9
2175,9
2176,9
2177,9
2178,9
2179,9
2180,9
2181,9
2182,9
2183,9
2184,9
2185,9
2186,9
2187,9
2188,9
2189,9
2190,9
2191,9
2192,9
2193,9
2194,9
2195,9
2196,9
2197,9
2198,9
2199,9
2200,9
2201,9
2202,9
2203,9
2204,9
2205,9
2206,9
2207,9
2208,9
2209,10
2210,10
2211,10
2212,10
2213,10
2214,10
2215,10
2216,10
2217,10
2218,10
2219,10
2220,10
2221,10
2222,10
2223,10
2224,10
2225,10
2226,10
2227,10
2228,10
2229,10
2230,10
2231,10
2232,10
2233,10
2234,10
2235,10
2236,10
2237,10
2238,10
2239,10
2240,10
2241,10
2242,10
2243,10
2244,10
2245,10
2246,10
2247,10
2248,10
2249,10
2250,10
2251,10
2252,10
2253,10
2254,10
2255,10
2256,10
2257,10
2258,10
2259,10
2260,10
2261,10
2262,10
2263,10
2264,10
2265,10
2266,10
2267,10
2268,10
2269,10
2270,10
2271,10
2272,10
2273,10
2274,10
2275,10
2276,10
2277,10
2278,10
2279,10
2280,10
2281,10
2282,10
2283,10
2284,10
2285,10
2286,10
2287,10
2288,10
2289,10
2290,10
2291,10
2292,10
2293,10
2294,10
2295,10
2296,10
2297,10
2298,10
2299,10
2300,10
2301,10
2302,10
2303,10
2304,10
2305,10
2306,10
2307,10
2308,10
2309,10
2310,10
2311,10
2312,10
2313,10
2314,10
2315,10
2316,10
2317,10
2318,10
2319,10
2320,10
2321,10
2322,10
2323,10
2324,10
2325,10
2326,10
2327,10
2328,10
2329,10
2330,10
2331,10
2332,10
2333,10
2334,10
2335,10
2336,10
2337,10
2338,10
2339,10
2340,10
2341,10
2342,10
2343,10
2344,10
2345,10
2346,10
2347,10
2348,10
2349,10
2350,10
2351,10
2352,10
2353,10
2354,10
2355,10
2356,10
2357,10
2358,10
2359,10
2360,10
2361,10
2362,10
2363,10
2364,10
2365,10
2366,10
2367,10
2368,10
2369,10
2370,10
2371,10
2372,10
2373,10
2374,10
2375,10
2376,10
2377,10
2378,10
2379,10
2380,10
2381,10
2382,10
2383,10
2384,10
2385,10
2386,10
2387,10
2388,10
2389,10
2390,10
2391,10
2392,10
2393,10
2394,10
2395,10
2396,10
2397,10
2398,10
2399,10
2400,10
2401,10
2402,10
2403,10
2404,10
2405,10
2406,10
2407,10
2408,10
2409,10
2410,10
2411,10
2412,10
2413,10
2414,10
2415,10
2416,10
2417,10
2418,10
2419,10
2420,10
2421,10
2422,10
2423,10
2424,10
2425,10
2426,10
2427,10
2428,10
2429,10
2430,10
2431,10
2432,10
2433,10
2434,10
2435,10
2436,10
2437,10
2438,10
2439,10
2440,10
2441,10
2442,10
2443,10
2444,10
2445,10
2446,10
2447,10
2448,10
2449,10
2450,10
2451,10
2452,10
2453,10
2454,10
2455,10
2456,10
2457,10
2458,10
2459,10
2460,10
2461,10
2462,10
2463,10
2464,10
2465,10
2466,10
2467,10
2468,10
2469,10
2470,10
2471,10
2472,10
2473,10
2474,10
2475,10
2476,10
2477,10
2478,10
2479,10
2480,10
2481,10
2482,10
2483,10
2484,10
2485,10
2486,10
2487,10
2488,10
2489,10
2490,10
2491,10
2492,10
2493,10
2494,10
2495,10
2496,10
2497,10
2498,10
2499,10
2500,10
2501,10
2502,10
2503,10
2504,10
2505,10
2506,10
2507,10
2508,10
2509,10
2510,10
2511,10
2512,10
2513,10
2514,10
2515,10
2516,10
2517,10
2518,10
2519,10
2520,10
2521,10
2522,10
2523,10
2524,10
2525,10
2526,10
2527,10
2528,10
2529,10
2530,10
2531,10
2532,10
2533,10
2534,10
2535,10
2536,10
2537,10
2538,10
2539,10
2540,10
2541,10
2542,10
2543,10
2544,10
2545,10
2546,10
2547,10
2548,10
2549,10
2550,10
2551,10
2552,10
2553,10
2554,10
2555,10
2556,10
2557,10
2558,10
2559,10
2560,10
2561,10
2562,10
2563,10
2564,10
2565,10
2566,10
2567,10
2568,10
2569,10
2570,10
2571,10
2572,10
2573,10
2574,10
2575,10
2576,10
2577,10
2578,10
2579,10
2580,10
2581,10
2582,10
2583,10
2584,10
2585,10
2586,10
2587,10
2588,10
2589,10
2590,10
2591,10
2592,10
2593,10
2594,10
2595,10
2596,10
2597,10
2598,10
2599,10
2600,10
2601,10
2602,10
2603,10
2604,10
2605,10
2606,10
2607,10
2608,10
2609,10
2610,10
2611,10
2612,10
2613,10
2614,10
2615,10
2616,10
2617,10
2618,10
2619,10
2620,10
2621,10
2622,10
2623,10
2624,10
2625,10
2626,10
2627,10
2628,10
2629,10
2630,10
2631,10
2632,10
2633,10
2634,10
2635,10
2636,10
2637,10
2638,10
2639,10
2640,10
2641,10
2642,10
2643,10
2644,10
2645,10
2646,10
2647,10
2648,10
2649,10
2650,10
2651,10
2652,10
2653,10
2654,10
2655,10
2656,10
2657,10
2658,10
2659,10
2660,10
2661,10
2662,10
2663,10
2664,10
2665,10
2666,10
2667,10
2668,10
2669,10
2670,10
2671,10
2672,10
2673,10
2674,10
2675,10
2676,10
2677,10
2678,10
2679,10
2680,10
2681,10
2682,10
2683,10
2684,10
2685,10
2686,10
2687,10
2688,10
2689,10
2690,10
2691,10
2692,10
2693,10
2694,10
2695,10
2696,10
2697,10
2698,10
2699,10
2700,10
2701,10
2702,10
2703,10
2704,10
2705,10
2706,10
2707,10
2708,10
2709,10
2710,10
2711,10
2712,10
2713,10
2714,10
2715,10
2716,10
2717,10
2718,10
2719,10
2720,10
2721,10
2722,10
2723,10
2724,10
2725,10
2726,10
2727,10
2728,10
2729,10
2730,10
2731,10
2732,10
2733,10
2734,10
2735,10
2736,10
2737,10
2738,10
2739,10
2740,10
2741,10
2742,10
2743,10
2744,10
2745,10
2746,10
2747,10
2748,10
2749,10
2750,10
2751,10
2752,10
2753,10
2754,10
2755,10
2756,10
2757,10
2758,10
2759,10
2760,10
2761,10
2762,10
2763,10
2764,10
2765,10
2766,10
2767,10
2768,10
2769,10
2770,10
2771,10
2772,10
2773,10
2774,10
2775,10
2776,10
2777,10
2778,10
2779,10
2780,10
2781,10
2782,10
2783,10
2784,10
2785,10
2786,10
2787,10
2788,10
2789,10
2790,10
2791,10
2792,10
2793,10
2794,10
2795,10
2796,10
2797,10
2798,10
2799,10
2800,10
2801,10
2802,10
2803,10
2804,10
2805,10
2806,10
2807,10
2808,10
2809,10
2810,10
2811,10
2812,10
2813,10
2814,10
2815,10
2816,10
2817,10
2818,10
2819,10
2820,10
2821,10
2822,10
2823,10
2824,10
2825,10
2826,10
2827,10
2828,10
2829,10
2830,10
2831,10
2832,10
2833,10
2834,10
2835,10
2836,10
2837,10
2838,10
2839,10
2840,10
2841,10
2842,10
2843,10
2844,10
2845,10
2846,10
2847,10
2848,10
2849,10
2850,10
2851,10
2852,10
2853,10
2854,10
2855,10
2856,10
2857,10
2858,10
2859,10
2860,10
2861,10
2862,10
2863,10
2864,10
2865,10
2866,10
2867,10
2868,10
2869,10
2870,10
2871,10
2872,10
2873,10
2874,10
2875,10
2876,10
2877,10
2878,10
2879,10
2880,10
2881,10
2882,10
2883,10
2884,10
2885,10
2886,10
2887,10
2888,10
2889,10
2890,10
2891,10
2892,10
2893,10
2894,10
2895,10
2896,10
2897,10
2898,10
2899,10
2900,10
2901,10
2902,10
2903,10
2904,10
2905,10
2906,10
2907,10
2908,10
2909,10
2910,10
2911,10
2912,10
2913,10
2914,10
2915,10
2916,10
2917,10
2918,10
2919,10
2920,10
2921,10
2922,10
2923,10
2924,10
2925,10
2926,10
2927,10
2928,10
2929,10
2930,10
2931,10
2932,10
2933,10
2934,10
2935,10
2936,10
2937,10
2938,10
2939,10
2940,10
2941,10
2942,10
2943,10
2944,10
2945,10
2946,10
2947,10
2948,10
2949,10
2950,10
2951,10
2952,10
2953,11
2954,11
2955,11
2956,11
2957,11
2958,11
2959,11
2960,11
2961,11
2962,11
2963,11
2964,11
2965,11
2966,11
2967,11
2968,11
2969,11
2970,11
2971,11
2972,11
2973,11
2974,11
2975,11
2976,11
2977,11
2978,11
2979,11
2980,11
2981,11
2982,11
2983,11
2984,11
2985,11
2986,11
2987,11
2988,11
2989,11
2990,11
2991,11
2992,11
2993,11
2994,11
2995,11
2996,11
2997,11
2998,11
2999,11
3000,11
3001,11
3002,11
3003,11
3004,11
3005,11
3006,11
3007,11
3008,11
3009,11
3010,11
3011,11
3012,11
3013,11
3014,11
3015,11
3016,11
3017,11
3018,11
3019,11
3020,11
3021,11
3022,11
3023,11
3024,11
3025,11
3026,11
3027,11
3028,11
3029,11
3030,11
3031,11
3032,11
3033,11
3034,11
3035,11
3036,11
3037,11
3038,11
3039,11
3040,11
3041,11
3042,11
3043,11
3044,11
3045,11
3046,11
3047,11
3048,11
3049,11
3050,11
3051,11
3052,11
3053,11
3054,11
3055,11
3056,11
3057,11
3058,11
3059,11
3060,11
3061,11
3062,11
3063,11
3064,11
3065,11
3066,11
3067,11
3068,11
3069,11
3070,11
3071,11
3072,11
3073,11
3074,11
3075,11
3076,11
3077,11
3078,11
3079,11
3080,11
3081,11
3082,11
3083,11
3084,11
3085,11
3086,11
3087,11
3088,11
3089,11
3090,11
3091,11
3092,11
3093,11
3094,11
3095,11
3096,11
3097,11
3098,11
3099,11
3100,11
3101,11
3102,11
3103,11
3104,11
3105,11
3106,11
3107,11
3108,11
3109,11
3110,11
3111,11
3112,11
3113,11
3114,11
3115,11
3116,11
3117,11
3118,11
3119,11
3120,11
3121,11
3122,11
3123,11
3124,11
3125,11
3126,11
3127,11
3128,11
3129,11
3130,11
3131,11
3132,11
3133,11
3134,11
3135,11
3136,11
3137,11
3138,11
3139,11
3140,11
3141,11
3142,11
3143,11
3144,11
3145,11
3146,11
3147,11
3148,11
3149,11
3150,11
3151,11
3152,11
3153,11
3154,11
3155,11
3156,11
3157,11
3158,11
3159,11
3160,11
3161,11
3162,11
3163,11
3164,11
3165,11
3166,11
3167,11
3168,11
3169,11
3170,11
3171,11
3172,11
3173,11
3174,11
3175,11
3176,11
3177,11
3178,11
3179,11
3180,11
3181,11
3182,11
3183,11
3184,11
3185,11
3186,11
3187,11
3188,11
3189,11
3190,11
3191,11
3192,11
3193,11
3194,11
3195,11
3196,11
3197,11
3198,11
3199,11
3200,11
3201,11
3202,11
3203,11
3204,11
3205,11
3206,11
3207,11
3208,11
3209,11
3210,11
3211,11
3212,11
3213,11
3214,11
3215,11
3216,11
3217,11
3218,11
3219,11
3220,11
3221,11
3222,11
3223,11
3224,11
3225,11
3226,11
3227,11
3228,11
3229,11
3230,11
3231,11
3232,11
3233,11
3234,11
3235,11
3236,11
3237,11
3238,11
3239,11
3240,11
3241,11
3242,11
3243,11
3244,11
3245,11
3246,11
3247,11
3248,11
3249,11
3250,11
3251,11
3252,11
3253,11
3254,11
3255,11
3256,11
3257,11
3258,11
3259,11
3260,11
3261,11
3262,11
3263,11
3264,11
3265,11
3266,11
3267,11
3268,11
3269,11
3270,11
3271,11
3272,11
3273,11
3274,11
3275,11
3276,11
3277,11
3278,11
3279,11
3280,11
3281,11
3282,11
3283,11
3284,11
3285,11
3286,11
3287,11
3288,11
3289,11
3290,11
3291,11
3292,11
3293,11
3294,11
3295,11
3296,11
3297,11
3298,11
3299,11
3300,11
3301,11
3302,11
3303,11
3304,11
3305,11
3306,11
3307,11
3308,11
3309,11
3310,11
3311,11
3312,11
3313,11
3314,11
3315,11
3316,11
3317,11
3318,11
3319,11
3320,11
3321,11
3322,11
3323,11
3324,11
3325,11
3326,11
3327,11
3328,11
3329,11
3330,11
3331,11
3332,11
3333,11
3334,11
3335,11
3336,11
3337,11
3338,11
3339,11
3340,11
3341,11
3342,11
3343,11
3344,11
3345,11
3346,11
3347,11
3348,11
3349,11
3350,11
3351,11
3352,11
3353,11
3354,11
3355,11
3356,11
3357,11
3358,11
3359,11
3360,11
3361,11
3362,11
3363,11
3364,11
3365,11
3366,11
3367,11
3368,11
3369,11
3370,11
3371,11
3372,11
3373,11
3374,11
3375,11
3376,11
3377,11
3378,11
3379,11
3380,11
3381,11
3382,11
3383,11
3384,11
3385,11
3386,11
3387,11
3388,11
3389,11
3390,11
3391,11
3392,11
3393,11
3394,11
3395,11
3396,11
3397,11
3398,11
3399,11
3400,11
3401,11
3402,11
3403,11
3404,11
3405,11
3406,11
3407,11
3408,11
3409,11
3410,11
3411,11
3412,11
3413,11
3414,11
3415,11
3416,11
3417,11
3418,11
3419,11
3420,11
3421,11
3422,11
3423,11
3424,11
3425,11
3426,11
3427,11
3428,11
3429,11
3430,11
3431,11
3432,11
3433,11
3434,11
3435,11
3436,11
3437,11
3438,11
3439,11
3440,11
3441,11
3442,11
3443,11
3444,11
3445,11
3446,11
3447,11
3448,11
3449,11
3450,11
3451,11
3452,11
3453,11
3454,11
3455,11
3456,11
3457,11
3458,11
3459,11
3460,11
3461,11
3462,11
3463,11
3464,11
3465,11
3466,11
3467,11
3468,11
3469,11
3470,11
3471,11
3472,11
3473,11
3474,11
3475,11
3476,11
3477,11
3478,11
3479,11
3480,11
3481,11
3482,11
3483,11
3484,11
3485,11
3486,11
3487,11
3488,11
3489,11
3490,11
3491,11
3492,11
3493,11
3494,11
3495,11
3496,11
3497,11
3498,11
3499,11
3500,11
3501,11
3502,11
3503,11
3504,11
3505,11
3506,11
3507,11
3508,11
3509,11
3510,11
3511,11
3512,11
3513,11
3514,11
3515,11
3516,11
3517,11
3518,11
3519,11
3520,11
3521,11
3522,11
3523,11
3524,11
3525,11
3526,11
3527,11
3528,11
3529,11
3530,11
3531,11
3532,11
3533,11
3534,11
3535,11
3536,11
3537,11
3538,11
3539,11
3540,11
3541,11
3542,11
3543,11
3544,11
3545,11
3546,11
3547,11
3548,11
3549,11
3550,11
3551,11
3552,11
3553,11
3554,11
3555,11
3556,11
3557,11
3558,11
3559,11
3560,11
3561,11
3562,11
3563,11
3564,11
3565,11
3566,11
3567,11
3568,11
3569,11
3570,11
3571,11
3572,11
3573,11
3574,11
3575,11
3576,11
3577,11
3578,11
3579,11
3580,11
3581,11
3582,11
3583,11
3584,11
3585,11
3586,11
3587,11
3588,11
3589,11
3590,11
3591,11
3592,11
3593,11
3594,11
3595,11
3596,11
3597,11
3598,11
3599,11
3600,11
3601,11
3602,11
3603,11
3604,11
3605,11
3606,11
3607,11
3608,11
3609,11
3610,11
3611,11
3612,11
3613,11
3614,11
3615,11
3616,11
3617,11
3618,11
3619,11
3620,11
3621,11
3622,11
3623,11
3624,11
3625,11
3626,11
3627,11
3628,11
3629,11
3630,11
3631,11
3632,11
3633,11
3634,11
3635,11
3636,11
3637,11
3638,11
3639,11
3640,11
3641,11
3642,11
3643,11
3644,11
3645,11
3646,11
3647,11
3648,11
3649,11
3650,11
3651,11
3652,11
3653,11
3654,11
3655,11
3656,11
3657,11
3658,11
3659,11
3660,11
3661,11
3662,11
3663,11
3664,11
3665,11
3666,11
3667,11
3668,11
3669,11
3670,11
3671,11
3672,11
3673,12
3674,12
3675,12
3676,12
3677,12
3678,12
3679,12
3680,12
3681,12
3682,12
3683,12
3684,12
3685,12
3686,12
3687,12
3688,12
3689,12
3690,12
3691,12
3692,12
3693,12
3694,12
3695,12
3696,12
3697,12
3698,12
3699,12
3700,12
3701,12
3702,12
3703,12
3704,12
3705,12
3706,12
3707,12
3708,12
3709,12
3710,12
3711,12
3712,12
3713,12
3714,12
3715,12
3716,12
3717,12
3718,12
3719,12
3720,12
3721,12
3722,12
3723,12
3724,12
3725,12
3726,12
3727,12
3728,12
3729,12
3730,12
3731,12
3732,12
3733,12
3734,12
3735,12
3736,12
3737,12
3738,12
3739,12
3740,12
3741,12
3742,12
3743,12
3744,12
3745,12
3746,12
3747,12
3748,12
3749,12
3750,12
3751,12
3752,12
3753,12
3754,12
3755,12
3756,12
3757,12
3758,12
3759,12
3760,12
3761,12
3762,12
3763,12
3764,12
3765,12
3766,12
3767,12
3768,12
3769,12
3770,12
3771,12
3772,12
3773,12
3774,12
3775,12
3776,12
3777,12
3778,12
3779,12
3780,12
3781,12
3782,12
3783,12
3784,12
3785,12
3786,12
3787,12
3788,12
3789,12
3790,12
3791,12
3792,12
3793,12
3794,12
3795,12
3796,12
3797,12
3798,12
3799,12
3800,12
3801,12
3802,12
3803,12
3804,12
3805,12
3806,12
3807,12
3808,12
3809,12
3810,12
3811,12
3812,12
3813,12
3814,12
3815,12
3816,12
3817,12
3818,12
3819,12
3820,12
3821,12
3822,12
3823,12
3824,12
3825,12
3826,12
3827,12
3828,12
3829,12
3830,12
3831,12
3832,12
3833,12
3834,12
3835,12
3836,12
3837,12
3838,12
3839,12
3840,12
3841,12
3842,12
3843,12
3844,12
3845,12
3846,12
3847,12
3848,12
3849,12
3850,12
3851,12
3852,12
3853,12
3854,12
3855,12
3856,12
3857,12
3858,12
3859,12
3860,12
3861,12
3862,12
3863,12
3864,12
3865,12
3866,12
3867,12
3868,12
3869,12
3870,12
3871,12
3872,12
3873,12
3874,12
3875,12
3876,12
3877,12
3878,12
3879,12
3880,12
3881,12
3882,12
3883,12
3884,12
3885,12
3886,12
3887,12
3888,12
3889,12
3890,12
3891,12
3892,12
3893,12
3894,12
3895,12
3896,12
3897,12
3898,12
3899,12
3900,12
3901,12
3902,12
3903,12
3904,12
3905,12
3906,12
3907,12
3908,12
3909,12
3910,12
3911,12
3912,12
3913,12
3914,12
3915,12
3916,12
3917,12
3918,12
3919,12
3920,12
3921,12
3922,12
3923,12
3924,12
3925,12
3926,12
3927,12
3928,12
3929,12
3930,12
3931,12
3932,12
3933,12
3934,12
3935,12
3936,12
3937,12
3938,12
3939,12
3940,12
3941,12
3942,12
3943,12
3944,12
3945,12
3946,12
3947,12
3948,12
3949,12
3950,12
3951,12
3952,12
3953,12
3954,12
3955,12
3956,12
3957,12
3958,12
3959,12
3960,12
3961,12
3962,12
3963,12
3964,12
3965,12
3966,12
3967,12
3968,12
3969,12
3970,12
3971,12
3972,12
3973,12
3974,12
3975,12
3976,12
3977,12
3978,12
3979,12
3980,12
3981,12
3982,12
3983,12
3984,12
3985,12
3986,12
3987,12
3988,12
3989,12
3990,12
3991,12
3992,12
3993,12
3994,12
3995,12
3996,12
3997,12
3998,12
3999,12
4000,12
4001,12
4002,12
4003,12
4004,12
4005,12
4006,12
4007,12
4008,12
4009,12
4010,12
4011,12
4012,12
4013,12
4014,12
4015,12
4016,12
4017,12
4018,12
4019,12
4020,12
4021,12
4022,12
4023,12
4024,12
4025,12
4026,12
4027,12
4028,12
4029,12
4030,12
4031,12
4032,12
4033,12
4034,12
4035,12
4036,12
4037,12
4038,12
4039,12
4040,12
4041,12
4042,12
4043,12
4044,12
4045,12
4046,12
4047,12
4048,12
4049,12
4050,12
4051,12
4052,12
4053,12
4054,12
4055,12
4056,12
4057,12
4058,12
4059,12
4060,12
4061,12
4062,12
4063,12
4064,12
4065,12
4066,12
4067,12
4068,12
4069,12
4070,12
4071,12
4072,12
4073,12
4074,12
4075,12
4076,12
4077,12
4078,12
4079,12
4080,12
4081,12
4082,12
4083,12
4084,12
4085,12
4086,12
4087,12
4088,12
4089,12
4090,12
4091,12
4092,12
4093,12
4094,12
4095,12
4096,12
4097,12
4098,12
4099,12
4100,12
4101,12
4102,12
4103,12
4104,12
4105,12
4106,12
4107,12
4108,12
4109,12
4110,12
4111,12
4112,12
4113,12
4114,12
4115,12
4116,12
4117,12
4118,12
4119,12
4120,12
4121,12
4122,12
4123,12
4124,12
4125,12
4126,12
4127,12
4128,12
4129,12
4130,12
4131,12
4132,12
4133,12
4134,12
4135,12
4136,12
4137,12
4138,12
4139,12
4140,12
4141,12
4142,12
4143,12
4144,12
4145,12
4146,12
4147,12
4148,12
4149,12
4150,12
4151,12
4152,12
4153,12
4154,12
4155,12
4156,12
4157,12
4158,12
4159,12
4160,12
4161,12
4162,12
4163,12
4164,12
4165,12
4166,12
4167,12
4168,12
4169,12
4170,12
4171,12
4172,12
4173,12
4174,12
4175,12
4176,12
4177,12
4178,12
4179,12
4180,12
4181,12
4182,12
4183,12
4184,12
4185,12
4186,12
4187,12
4188,12
4189,12
4190,12
4191,12
4192,12
4193,12
4194,12
4195,12
4196,12
4197,12
4198,12
4199,12
4200,12
4201,12
4202,12
4203,12
4204,12
4205,12
4206,12
4207,12
4208,12
4209,12
4210,12
4211,12
4212,12
4213,12
4214,12
4215,12
4216,12
4217,12
4218,12
4219,12
4220,12
4221,12
4222,12
4223,12
4224,12
4225,12
4226,12
4227,12
4228,12
4229,12
4230,12
4231,12
4232,12
4233,12
4234,12
4235,12
4236,12
4237,12
4238,12
4239,12
4240,12
4241,12
4242,12
4243,12
4244,12
4245,12
4246,12
4247,12
4248,12
4249,12
4250,12
4251,12
4252,12
4253,12
4254,12
4255,12
4256,12
4257,12
4258,12
4259,12
4260,12
4261,12
4262,12
4263,12
4264,12
4265,12
4266,12
4267,12
4268,12
4269,12
4270,12
4271,12
4272,12
4273,12
4274,12
4275,12
4276,12
4277,12
4278,12
4279,12
4280,12
4281,12
4282,12
4283,12
4284,12
4285,12
4286,12
4287,12
4288,12
4289,12
4290,12
4291,12
4292,12
4293,12
4294,12
4295,12
4296,12
4297,12
4298,12
4299,12
4300,12
4301,12
4302,12
4303,12
4304,12
4305,12
4306,12
4307,12
4308,12
4309,12
4310,12
4311,12
4312,12
4313,12
4314,12
4315,12
4316,12
4317,12
4318,12
4319,12
4320,12
4321,12
4322,12
4323,12
4324,12
4325,12
4326,12
4327,12
4328,12
4329,12
4330,12
4331,12
4332,12
4333,12
4334,12
4335,12
4336,12
4337,12
4338,12
4339,12
4340,12
4341,12
4342,12
4343,12
4344,12
4345,12
4346,12
4347,12
4348,12
4349,12
4350,12
4351,12
4352,12
4353,12
4354,12
4355,12
4356,12
4357,12
4358,12
4359,12
4360,12
4361,12
4362,12
4363,12
4364,12
4365,12
4366,12
4367,12
4368,12
4369,12
4370,12
4371,12
4372,12
4373,12
4374,12
4375,12
4376,12
4377,12
4378,12
4379,12
4380,12
4381,12
4382,12
4383,12
4384,12
4385,12
4386,12
4387,12
4388,12
4389,12
4390,12
4391,12
4392,12
4393,12
4394,12
4395,12
4396,12
4397,12
4398,12
4399,12
4400,12
4401,12
4402,12
4403,12
4404,12
4405,12
4406,12
4407,12
4408,12
4409,12
4410,12
4411,12
4412,12
4413,12
4414,12
4415,12
4416,12
4417,1
4418,1
4419,1
4420,1
4421,1
4422,1
4423,1
4424,1
4425,1
4426,1
4427,1
4428,1
4429,1
4430,1
4431,1
4432,1
4433,1
4434,1
4435,1
4436,1
4437,1
4438,1
4439,1
4440,1
4441,1
4442,1
4443,1
4444,1
4445,1
4446,1
4447,1
4448,1
4449,1
4450,1
4451,1
4452,1
4453,1
4454,1
4455,1
4456,1
4457,1
4458,1
4459,1
4460,1
4461,1
4462,1
4463,1
4464,1
4465,1
4466,1
4467,1
4468,1
4469,1
4470,1
4471,1
4472,1
4473,1
4474,1
4475,1
4476,1
4477,1
4478,1
4479,1
4480,1
4481,1
4482,1
4483,1
4484,1
4485,1
4486,1
4487,1
4488,1
4489,1
4490,1
4491,1
4492,1
4493,1
4494,1
4495,1
4496,1
4497,1
4498,1
4499,1
4500,1
4501,1
4502,1
4503,1
4504,1
4505,1
4506,1
4507,1
4508,1
4509,1
4510,1
4511,1
4512,1
4513,1
4514,1
4515,1
4516,1
4517,1
4518,1
4519,1
4520,1
4521,1
4522,1
4523,1
4524,1
4525,1
4526,1
4527,1
4528,1
4529,1
4530,1
4531,1
4532,1
4533,1
4534,1
4535,1
4536,1
4537,1
4538,1
4539,1
4540,1
4541,1
4542,1
4543,1
4544,1
4545,1
4546,1
4547,1
4548,1
4549,1
4550,1
4551,1
4552,1
4553,1
4554,1
4555,1
4556,1
4557,1
4558,1
4559,1
4560,1
4561,1
4562,1
4563,1
4564,1
4565,1
4566,1
4567,1
4568,1
4569,1
4570,1
4571,1
4572,1
4573,1
4574,1
4575,1
4576,1
4577,1
4578,1
4579,1
4580,1
4581,1
4582,1
4583,1
4584,1
4585,1
4586,1
4587,1
4588,1
4589,1
4590,1
4591,1
4592,1
4593,1
4594,1
4595,1
4596,1
4597,1
4598,1
4599,1
4600,1
4601,1
4602,1
4603,1
4604,1
4605,1
4606,1
4607,1
4608,1
4609,1
4610,1
4611,1
4612,1
4613,1
4614,1
4615,1
4616,1
4617,1
4618,1
4619,1
4620,1
4621,1
4622,1
4623,1
4624,1
4625,1
4626,1
4627,1
4628,1
4629,1
4630,1
4631,1
4632,1
4633,1
4634,1
4635,1
4636,1
4637,1
4638,1
4639,1
4640,1
4641,1
4642,1
4643,1
4644,1
4645,1
4646,1
4647,1
4648,1
4649,1
4650,1
4651,1
4652,1
4653,1
4654,1
4655,1
4656,1
4657,1
4658,1
4659,1
4660,1
4661,1
4662,1
4663,1
4664,1
4665,1
4666,1
4667,1
4668,1
4669,1
4670,1
4671,1
4672,1
4673,1
4674,1
4675,1
4676,1
4677,1
4678,1
4679,1
4680,1
4681,1
4682,1
4683,1
4684,1
4685,1
4686,1
4687,1
4688,1
4689,1
4690,1
4691,1
4692,1
4693,1
4694,1
4695,1
4696,1
4697,1
4698,1
4699,1
4700,1
4701,1
4702,1
4703,1
4704,1
4705,1
4706,1
4707,1
4708,1
4709,1
4710,1
4711,1
4712,1
4713,1
4714,1
4715,1
4716,1
4717,1
4718,1
4719,1
4720,1
4721,1
4722,1
4723,1
4724,1
4725,1
4726,1
4727,1
4728,1
4729,1
4730,1
4731,1
4732,1
4733,1
4734,1
4735,1
4736,1
4737,1
4738,1
4739,1
4740,1
4741,1
4742,1
4743,1
4744,1
4745,1
4746,1
4747,1
4748,1
4749,1
4750,1
4751,1
4752,1
4753,1
4754,1
4755,1
4756,1
4757,1
4758,1
4759,1
4760,1
4761,1
4762,1
4763,1
4764,1
4765,1
4766,1
4767,1
4768,1
4769,1
4770,1
4771,1
4772,1
4773,1
4774,1
4775,1
4776,1
4777,1
4778,1
4779,1
4780,1
4781,1
4782,1
4783,1
4784,1
4785,1
4786,1
4787,1
4788,1
4789,1
4790,1
4791,1
4792,1
4793,1
4794,1
4795,1
4796,1
4797,1
4798,1
4799,1
4800,1
4801,1
4802,1
4803,1
4804,1
4805,1
4806,1
4807,1
4808,1
4809,1
4810,1
4811,1
4812,1
4813,1
4814,1
4815,1
4816,1
4817,1
4818,1
4819,1
4820,1
4821,1
4822,1
4823,1
4824,1
4825,1
4826,1
4827,1
4828,1
4829,1
4830,1
4831,1
4832,1
4833,1
4834,1
4835,1
4836,1
4837,1
4838,1
4839,1
4840,1
4841,1
4842,1
4843,1
4844,1
4845,1
4846,1
4847,1
4848,1
4849,1
4850,1
4851,1
4852,1
4853,1
4854,1
4855,1
4856,1
4857,1
4858,1
4859,1
4860,1
4861,1
4862,1
4863,1
4864,1
4865,1
4866,1
4867,1
4868,1
4869,1
4870,1
4871,1
4872,1
4873,1
4874,1
4875,1
4876,1
4877,1
4878,1
4879,1
4880,1
4881,1
4882,1
4883,1
4884,1
4885,1
4886,1
4887,1
4888,1
4889,1
4890,1
4891,1
4892,1
4893,1
4894,1
4895,1
4896,1
4897,1
4898,1
4899,1
4900,1
4901,1
4902,1
4903,1
4904,1
4905,1
4906,1
4907,1
4908,1
4909,1
4910,1
4911,1
4912,1
4913,1
4914,1
4915,1
4916,1
4917,1
4918,1
4919,1
4920,1
4921,1
4922,1
4923,1
4924,1
4925,1
4926,1
4927,1
4928,1
4929,1
4930,1
4931,1
4932,1
4933,1
4934,1
4935,1
4936,1
4937,1
4938,1
4939,1
4940,1
4941,1
4942,1
4943,1
4944,1
4945,1
4946,1
4947,1
4948,1
4949,1
4950,1
4951,1
4952,1
4953,1
4954,1
4955,1
4956,1
4957,1
4958,1
4959,1
4960,1
4961,1
4962,1
4963,1
4964,1
4965,1
4966,1
4967,1
4968,1
4969,1
4970,1
4971,1
4972,1
4973,1
4974,1
4975,1
4976,1
4977,1
4978,1
4979,1
4980,1
4981,1
4982,1
4983,1
4984,1
4985,1
4986,1
4987,1
4988,1
4989,1
4990,1
4991,1
4992,1
4993,1
4994,1
4995,1
4996,1
4997,1
4998,1
4999,1
5000,1
5001,1
5002,1
5003,1
5004,1
5005,1
5006,1
5007,1
5008,1
5009,1
5010,1
5011,1
5012,1
5013,1
5014,1
5015,1
5016,1
5017,1
5018,1
5019,1
5020,1
5021,1
5022,1
5023,1
5024,1
5025,1
5026,1
5027,1
5028,1
5029,1
5030,1
5031,1
5032,1
5033,1
5034,1
5035,1
5036,1
5037,1
5038,1
5039,1
5040,1
5041,1
5042,1
5043,1
5044,1
5045,1
5046,1
5047,1
5048,1
5049,1
5050,1
5051,1
5052,1
5053,1
5054,1
5055,1
5056,1
5057,1
5058,1
5059,1
5060,1
5061,1
5062,1
5063,1
5064,1
5065,1
5066,1
5067,1
5068,1
5069,1
5070,1
5071,1
5072,1
5073,1
5074,1
5075,1
5076,1
5077,1
5078,1
5079,1
5080,1
5081,1
5082,1
5083,1
5084,1
5085,1
5086,1
5087,1
5088,1
5089,1
5090,1
5091,1
5092,1
5093,1
5094,1
5095,1
5096,1
5097,1
5098,1
5099,1
5100,1
5101,1
5102,1
5103,1
5104,1
5105,1
5106,1
5107,1
5108,1
5109,1
5110,1
5111,1
5112,1
5113,1
5114,1
5115,1
5116,1
5117,1
5118,1
5119,1
5120,1
5121,1
5122,1
5123,1
5124,1
5125,1
5126,1
5127,1
5128,1
5129,1
5130,1
5131,1
5132,1
5133,1
5134,1
5135,1
5136,1
5137,1
5138,1
5139,1
5140,1
5141,1
5142,1
5143,1
5144,1
5145,1
5146,1
5147,1
5148,1
5149,1
5150,1
5151,1
5152,1
5153,1
5154,1
5155,1
5156,1
5157,1
5158,1
5159,1
5160,1
5161,2
5162,2
5163,2
5164,2
5165,2
5166,2
5167,2
5168,2
5169,2
5170,2
5171,2
5172,2
5173,2
5174,2
5175,2
5176,2
5177,2
5178,2
5179,2
5180,2
5181,2
5182,2
5183,2
5184,2
5185,2
5186,2
5187,2
5188,2
5189,2
5190,2
5191,2
5192,2
5193,2
5194,2
5195,2
5196,2
5197,2
5198,2
5199,2
5200,2
5201,2
5202,2
5203,2
5204,2
5205,2
5206,2
5207,2
5208,2
5209,2
5210,2
5211,2
5212,2
5213,2
5214,2
5215,2
5216,2
5217,2
5218,2
5219,2
5220,2
5221,2
5222,2
5223,2
5224,2
5225,2
5226,2
5227,2
5228,2
5229,2
5230,2
5231,2
5232,2
5233,2
5234,2
5235,2
5236,2
5237,2
5238,2
5239,2
5240,2
5241,2
5242,2
5243,2
5244,2
5245,2
5246,2
5247,2
5248,2
5249,2
5250,2
5251,2
5252,2
5253,2
5254,2
5255,2
5256,2
5257,2
5258,2
5259,2
5260,2
5261,2
5262,2
5263,2
5264,2
5265,2
5266,2
5267,2
5268,2
5269,2
5270,2
5271,2
5272,2
5273,2
5274,2
5275,2
5276,2
5277,2
5278,2
5279,2
5280,2
5281,2
5282,2
5283,2
5284,2
5285,2
5286,2
5287,2
5288,2
5289,2
5290,2
5291,2
5292,2
5293,2
5294,2
5295,2
5296,2
5297,2
5298,2
5299,2
5300,2
5301,2
5302,2
5303,2
5304,2
5305,2
5306,2
5307,2
5308,2
5309,2
5310,2
5311,2
5312,2
5313,2
5314,2
5315,2
5316,2
5317,2
5318,2
5319,2
5320,2
5321,2
5322,2
5323,2
5324,2
5325,2
5326,2
5327,2
5328,2
5329,2
5330,2
5331,2
5332,2
5333,2
5334,2
5335,2
5336,2
5337,2
5338,2
5339,2
5340,2
5341,2
5342,2
5343,2
5344,2
5345,2
5346,2
5347,2
5348,2
5349,2
5350,2
5351,2
5352,2
5353,2
5354,2
5355,2
5356,2
5357,2
5358,2
5359,2
5360,2
5361,2
5362,2
5363,2
5364,2
5365,2
5366,2
5367,2
5368,2
5369,2
5370,2
5371,2
5372,2
5373,2
5374,2
5375,2
5376,2
5377,2
5378,2
5379,2
5380,2
5381,2
5382,2
5383,2
5384,2
5385,2
5386,2
5387,2
5388,2
5389,2
5390,2
5391,2
5392,2
5393,2
5394,2
5395,2
5396,2
5397,2
5398,2
5399,2
5400,2
5401,2
5402,2
5403,2
5404,2
5405,2
5406,2
5407,2
5408,2
5409,2
5410,2
5411,2
5412,2
5413,2
5414,2
5415,2
5416,2
5417,2
5418,2
5419,2
5420,2
5421,2
5422,2
5423,2
5424,2
5425,2
5426,2
5427,2
5428,2
5429,2
5430,2
5431,2
5432,2
5433,2
5434,2
5435,2
5436,2
5437,2
5438,2
5439,2
5440,2
5441,2
5442,2
5443,2
5444,2
5445,2
5446,2
5447,2
5448,2
5449,2
5450,2
5451,2
5452,2
5453,2
5454,2
5455,2
5456,2
5457,2
5458,2
5459,2
5460,2
5461,2
5462,2
5463,2
5464,2
5465,2
5466,2
5467,2
5468,2
5469,2
5470,2
5471,2
5472,2
5473,2
5474,2
5475,2
5476,2
5477,2
5478,2
5479,2
5480,2
5481,2
5482,2
5483,2
5484,2
5485,2
5486,2
5487,2
5488,2
5489,2
5490,2
5491,2
5492,2
5493,2
5494,2
5495,2
5496,2
5497,2
5498,2
5499,2
5500,2
5501,2
5502,2
5503,2
5504,2
5505,2
5506,2
5507,2
5508,2
5509,2
5510,2
5511,2
5512,2
5513,2
5514,2
5515,2
5516,2
5517,2
5518,2
5519,2
5520,2
5521,2
5522,2
5523,2
5524,2
5525,2
5526,2
5527,2
5528,2
5529,2
5530,2
5531,2
5532,2
5533,2
5534,2
5535,2
5536,2
5537,2
5538,2
5539,2
5540,2
5541,2
5542,2
5543,2
5544,2
5545,2
5546,2
5547,2
5548,2
5549,2
5550,2
5551,2
5552,2
5553,2
5554,2
5555,2
5556,2
5557,2
5558,2
5559,2
5560,2
5561,2
5562,2
5563,2
5564,2
5565,2
5566,2
5567,2
5568,2
5569,2
5570,2
5571,2
5572,2
5573,2
5574,2
5575,2
5576,2
5577,2
5578,2
5579,2
5580,2
5581,2
5582,2
5583,2
5584,2
5585,2
5586,2
5587,2
5588,2
5589,2
5590,2
5591,2
5592,2
5593,2
5594,2
5595,2
5596,2
5597,2
5598,2
5599,2
5600,2
5601,2
5602,2
5603,2
5604,2
5605,2
5606,2
5607,2
5608,2
5609,2
5610,2
5611,2
5612,2
5613,2
5614,2
5615,2
5616,2
5617,2
5618,2
5619,2
5620,2
5621,2
5622,2
5623,2
5624,2
5625,2
5626,2
5627,2
5628,2
5629,2
5630,2
5631,2
5632,2
5633,2
5634,2
5635,2
5636,2
5637,2
5638,2
5639,2
5640,2
5641,2
5642,2
5643,2
5644,2
5645,2
5646,2
5647,2
5648,2
5649,2
5650,2
5651,2
5652,2
5653,2
5654,2
5655,2
5656,2
5657,2
5658,2
5659,2
5660,2
5661,2
5662,2
5663,2
5664,2
5665,2
5666,2
5667,2
5668,2
5669,2
5670,2
5671,2
5672,2
5673,2
5674,2
5675,2
5676,2
5677,2
5678,2
5679,2
5680,2
5681,2
5682,2
5683,2
5684,2
5685,2
5686,2
5687,2
5688,2
5689,2
5690,2
5691,2
5692,2
5693,2
5694,2
5695,2
5696,2
5697,2
5698,2
5699,2
5700,2
5701,2
5702,2
5703,2
5704,2
5705,2
5706,2
5707,2
5708,2
5709,2
5710,2
5711,2
5712,2
5713,2
5714,2
5715,2
5716,2
5717,2
5718,2
5719,2
5720,2
5721,2
5722,2
5723,2
5724,2
5725,2
5726,2
5727,2
5728,2
5729,2
5730,2
5731,2
5732,2
5733,2
5734,2
5735,2
5736,2
5737,2
5738,2
5739,2
5740,2
5741,2
5742,2
5743,2
5744,2
5745,2
5746,2
5747,2
5748,2
5749,2
5750,2
5751,2
5752,2
5753,2
5754,2
5755,2
5756,2
5757,2
5758,2
5759,2
5760,2
5761,2
5762,2
5763,2
5764,2
5765,2
5766,2
5767,2
5768,2
5769,2
5770,2
5771,2
5772,2
5773,2
5774,2
5775,2
5776,2
5777,2
5778,2
5779,2
5780,2
5781,2
5782,2
5783,2
5784,2
5785,2
5786,2
5787,2
5788,2
5789,2
5790,2
5791,2
5792,2
5793,2
5794,2
5795,2
5796,2
5797,2
5798,2
5799,2
5800,2
5801,2
5802,2
5803,2
5804,2
5805,2
5806,2
5807,2
5808,2
5809,2
5810,2
5811,2
5812,2
5813,2
5814,2
5815,2
5816,2
5817,2
5818,2
5819,2
5820,2
5821,2
5822,2
5823,2
5824,2
5825,2
5826,2
5827,2
5828,2
5829,2
5830,2
5831,2
5832,2
5833,3
5834,3
5835,3
5836,3
5837,3
5838,3
5839,3
5840,3
5841,3
5842,3
5843,3
5844,3
5845,3
5846,3
5847,3
5848,3
5849,3
5850,3
5851,3
5852,3
5853,3
5854,3
5855,3
5856,3
5857,3
5858,3
5859,3
5860,3
5861,3
5862,3
5863,3
5864,3
5865,3
5866,3
5867,3
5868,3
5869,3
5870,3
5871,3
5872,3
5873,3
5874,3
5875,3
5876,3
5877,3
5878,3
5879,3
5880,3
5881,3
5882,3
5883,3
5884,3
5885,3
5886,3
5887,3
5888,3
5889,3
5890,3
5891,3
5892,3
5893,3
5894,3
5895,3
5896,3
5897,3
5898,3
5899,3
5900,3
5901,3
5902,3
5903,3
5904,3
5905,3
5906,3
5907,3
5908,3
5909,3
5910,3
5911,3
5912,3
5913,3
5914,3
5915,3
5916,3
5917,3
5918,3
5919,3
5920,3
5921,3
5922,3
5923,3
5924,3
5925,3
5926,3
5927,3
5928,3
5929,3
5930,3
5931,3
5932,3
5933,3
5934,3
5935,3
5936,3
5937,3
5938,3
5939,3
5940,3
5941,3
5942,3
5943,3
5944,3
5945,3
5946,3
5947,3
5948,3
5949,3
5950,3
5951,3
5952,3
5953,3
5954,3
5955,3
5956,3
5957,3
5958,3
5959,3
5960,3
5961,3
5962,3
5963,3
5964,3
5965,3
5966,3
5967,3
5968,3
5969,3
5970,3
5971,3
5972,3
5973,3
5974,3
5975,3
5976,3
5977,3
5978,3
5979,3
5980,3
5981,3
5982,3
5983,3
5984,3
5985,3
5986,3
5987,3
5988,3
5989,3
5990,3
5991,3
5992,3
5993,3
5994,3
5995,3
5996,3
5997,3
5998,3
5999,3
6000,3
6001,3
6002,3
6003,3
6004,3
6005,3
6006,3
6007,3
6008,3
6009,3
6010,3
6011,3
6012,3
6013,3
6014,3
6015,3
6016,3
6017,3
6018,3
6019,3
6020,3
6021,3
6022,3
6023,3
6024,3
6025,3
6026,3
6027,3
6028,3
6029,3
6030,3
6031,3
6032,3
6033,3
6034,3
6035,3
6036,3
6037,3
6038,3
6039,3
6040,3
6041,3
6042,3
6043,3
6044,3
6045,3
6046,3
6047,3
6048,3
6049,3
6050,3
6051,3
6052,3
6053,3
6054,3
6055,3
6056,3
6057,3
6058,3
6059,3
6060,3
6061,3
6062,3
6063,3
6064,3
6065,3
6066,3
6067,3
6068,3
6069,3
6070,3
6071,3
6072,3
6073,3
6074,3
6075,3
6076,3
6077,3
6078,3
6079,3
6080,3
6081,3
6082,3
6083,3
6084,3
6085,3
6086,3
6087,3
6088,3
6089,3
6090,3
6091,3
6092,3
6093,3
6094,3
6095,3
6096,3
6097,3
6098,3
6099,3
6100,3
6101,3
6102,3
6103,3
6104,3
6105,3
6106,3
6107,3
6108,3
6109,3
6110,3
6111,3
6112,3
6113,3
6114,3
6115,3
6116,3
6117,3
6118,3
6119,3
6120,3
6121,3
6122,3
6123,3
6124,3
6125,3
6126,3
6127,3
6128,3
6129,3
6130,3
6131,3
6132,3
6133,3
6134,3
6135,3
6136,3
6137,3
6138,3
6139,3
6140,3
6141,3
6142,3
6143,3
6144,3
6145,3
6146,3
6147,3
6148,3
6149,3
6150,3
6151,3
6152,3
6153,3
6154,3
6155,3
6156,3
6157,3
6158,3
6159,3
6160,3
6161,3
6162,3
6163,3
6164,3
6165,3
6166,3
6167,3
6168,3
6169,3
6170,3
6171,3
6172,3
6173,3
6174,3
6175,3
6176,3
6177,3
6178,3
6179,3
6180,3
6181,3
6182,3
6183,3
6184,3
6185,3
6186,3
6187,3
6188,3
6189,3
6190,3
6191,3
6192,3
6193,3
6194,3
6195,3
6196,3
6197,3
6198,3
6199,3
6200,3
6201,3
6202,3
6203,3
6204,3
6205,3
6206,3
6207,3
6208,3
6209,3
6210,3
6211,3
6212,3
6213,3
6214,3
6215,3
6216,3
6217,3
6218,3
6219,3
6220,3
6221,3
6222,3
6223,3
6224,3
6225,3
6226,3
6227,3
6228,3
6229,3
6230,3
6231,3
6232,3
6233,3
6234,3
6235,3
6236,3
6237,3
6238,3
6239,3
6240,3
6241,3
6242,3
6243,3
6244,3
6245,3
6246,3
6247,3
6248,3
6249,3
6250,3
6251,3
6252,3
6253,3
6254,3
6255,3
6256,3
6257,3
6258,3
6259,3
6260,3
6261,3
6262,3
6263,3
6264,3
6265,3
6266,3
6267,3
6268,3
6269,3
6270,3
6271,3
6272,3
6273,3
6274,3
6275,3
6276,3
6277,3
6278,3
6279,3
6280,3
6281,3
6282,3
6283,3
6284,3
6285,3
6286,3
6287,3
6288,3
6289,3
6290,3
6291,3
6292,3
6293,3
6294,3
6295,3
6296,3
6297,3
6298,3
6299,3
6300,3
6301,3
6302,3
6303,3
6304,3
6305,3
6306,3
6307,3
6308,3
6309,3
6310,3
6311,3
6312,3
6313,3
6314,3
6315,3
6316,3
6317,3
6318,3
6319,3
6320,3
6321,3
6322,3
6323,3
6324,3
6325,3
6326,3
6327,3
6328,3
6329,3
6330,3
6331,3
6332,3
6333,3
6334,3
6335,3
6336,3
6337,3
6338,3
6339,3
6340,3
6341,3
6342,3
6343,3
6344,3
6345,3
6346,3
6347,3
6348,3
6349,3
6350,3
6351,3
6352,3
6353,3
6354,3
6355,3
6356,3
6357,3
6358,3
6359,3
6360,3
6361,3
6362,3
6363,3
6364,3
6365,3
6366,3
6367,3
6368,3
6369,3
6370,3
6371,3
6372,3
6373,3
6374,3
6375,3
6376,3
6377,3
6378,3
6379,3
6380,3
6381,3
6382,3
6383,3
6384,3
6385,3
6386,3
6387,3
6388,3
6389,3
6390,3
6391,3
6392,3
6393,3
6394,3
6395,3
6396,3
6397,3
6398,3
6399,3
6400,3
6401,3
6402,3
6403,3
6404,3
6405,3
6406,3
6407,3
6408,3
6409,3
6410,3
6411,3
6412,3
6413,3
6414,3
6415,3
6416,3
6417,3
6418,3
6419,3
6420,3
6421,3
6422,3
6423,3
6424,3
6425,3
6426,3
6427,3
6428,3
6429,3
6430,3
6431,3
6432,3
6433,3
6434,3
6435,3
6436,3
6437,3
6438,3
6439,3
6440,3
6441,3
6442,3
6443,3
6444,3
6445,3
6446,3
6447,3
6448,3
6449,3
6450,3
6451,3
6452,3
6453,3
6454,3
6455,3
6456,3
6457,3
6458,3
6459,3
6460,3
6461,3
6462,3
6463,3
6464,3
6465,3
6466,3
6467,3
6468,3
6469,3
6470,3
6471,3
6472,3
6473,3
6474,3
6475,3
6476,3
6477,3
6478,3
6479,3
6480,3
6481,3
6482,3
6483,3
6484,3
6485,3
6486,3
6487,3
6488,3
6489,3
6490,3
6491,3
6492,3
6493,3
6494,3
6495,3
6496,3
6497,3
6498,3
6499,3
6500,3
6501,3
6502,3
6503,3
6504,3
6505,3
6506,3
6507,3
6508,3
6509,3
6510,3
6511,3
6512,3
6513,3
6514,3
6515,3
6516,3
6517,3
6518,3
6519,3
6520,3
6521,3
6522,3
6523,3
6524,3
6525,3
6526,3
6527,3
6528,3
6529,3
6530,3
6531,3
6532,3
6533,3
6534,3
6535,3
6536,3
6537,3
6538,3
6539,3
6540,3
6541,3
6542,3
6543,3
6544,3
6545,3
6546,3
6547,3
6548,3
6549,3
6550,3
6551,3
6552,3
6553,3
6554,3
6555,3
6556,3
6557,3
6558,3
6559,3
6560,3
6561,3
6562,3
6563,3
6564,3
6565,3
6566,3
6567,3
6568,3
6569,3
6570,3
6571,3
6572,3
6573,3
6574,3
6575,3
6576,3
6577,4
6578,4
6579,4
6580,4
6581,4
6582,4
6583,4
6584,4
6585,4
6586,4
6587,4
6588,4
6589,4
6590,4
6591,4
6592,4
6593,4
6594,4
6595,4
6596,4
6597,4
6598,4
6599,4
6600,4
6601,4
6602,4
6603,4
6604,4
6605,4
6606,4
6607,4
6608,4
6609,4
6610,4
6611,4
6612,4
6613,4
6614,4
6615,4
6616,4
6617,4
6618,4
6619,4
6620,4
6621,4
6622,4
6623,4
6624,4
6625,4
6626,4
6627,4
6628,4
6629,4
6630,4
6631,4
6632,4
6633,4
6634,4
6635,4
6636,4
6637,4
6638,4
6639,4
6640,4
6641,4
6642,4
6643,4
6644,4
6645,4
6646,4
6647,4
6648,4
6649,4
6650,4
6651,4
6652,4
6653,4
6654,4
6655,4
6656,4
6657,4
6658,4
6659,4
6660,4
6661,4
6662,4
6663,4
6664,4
6665,4
6666,4
6667,4
6668,4
6669,4
6670,4
6671,4
6672,4
6673,4
6674,4
6675,4
6676,4
6677,4
6678,4
6679,4
6680,4
6681,4
6682,4
6683,4
6684,4
6685,4
6686,4
6687,4
6688,4
6689,4
6690,4
6691,4
6692,4
6693,4
6694,4
6695,4
6696,4
6697,4
6698,4
6699,4
6700,4
6701,4
6702,4
6703,4
6704,4
6705,4
6706,4
6707,4
6708,4
6709,4
6710,4
6711,4
6712,4
6713,4
6714,4
6715,4
6716,4
6717,4
6718,4
6719,4
6720,4
6721,4
6722,4
6723,4
6724,4
6725,4
6726,4
6727,4
6728,4
6729,4
6730,4
6731,4
6732,4
6733,4
6734,4
6735,4
6736,4
6737,4
6738,4
6739,4
6740,4
6741,4
6742,4
6743,4
6744,4
6745,4
6746,4
6747,4
6748,4
6749,4
6750,4
6751,4
6752,4
6753,4
6754,4
6755,4
6756,4
6757,4
6758,4
6759,4
6760,4
6761,4
6762,4
6763,4
6764,4
6765,4
6766,4
6767,4
6768,4
6769,4
6770,4
6771,4
6772,4
6773,4
6774,4
6775,4
6776,4
6777,4
6778,4
6779,4
6780,4
6781,4
6782,4
6783,4
6784,4
6785,4
6786,4
6787,4
6788,4
6789,4
6790,4
6791,4
6792,4
6793,4
6794,4
6795,4
6796,4
6797,4
6798,4
6799,4
6800,4
6801,4
6802,4
6803,4
6804,4
6805,4
6806,4
6807,4
6808,4
6809,4
6810,4
6811,4
6812,4
6813,4
6814,4
6815,4
6816,4
6817,4
6818,4
6819,4
6820,4
6821,4
6822,4
6823,4
6824,4
6825,4
6826,4
6827,4
6828,4
6829,4
6830,4
6831,4
6832,4
6833,4
6834,4
6835,4
6836,4
6837,4
6838,4
6839,4
6840,4
6841,4
6842,4
6843,4
6844,4
6845,4
6846,4
6847,4
6848,4
6849,4
6850,4
6851,4
6852,4
6853,4
6854,4
6855,4
6856,4
6857,4
6858,4
6859,4
6860,4
6861,4
6862,4
6863,4
6864,4
6865,4
6866,4
6867,4
6868,4
6869,4
6870,4
6871,4
6872,4
6873,4
6874,4
6875,4
6876,4
6877,4
6878,4
6879,4
6880,4
6881,4
6882,4
6883,4
6884,4
6885,4
6886,4
6887,4
6888,4
6889,4
6890,4
6891,4
6892,4
6893,4
6894,4
6895,4
6896,4
6897,4
6898,4
6899,4
6900,4
6901,4
6902,4
6903,4
6904,4
6905,4
6906,4
6907,4
6908,4
6909,4
6910,4
6911,4
6912,4
6913,4
6914,4
6915,4
6916,4
6917,4
6918,4
6919,4
6920,4
6921,4
6922,4
6923,4
6924,4
6925,4
6926,4
6927,4
6928,4
6929,4
6930,4
6931,4
6932,4
6933,4
6934,4
6935,4
6936,4
6937,4
6938,4
6939,4
6940,4
6941,4
6942,4
6943,4
6944,4
6945,4
6946,4
6947,4
6948,4
6949,4
6950,4
6951,4
6952,4
6953,4
6954,4
6955,4
6956,4
6957,4
6958,4
6959,4
6960,4
6961,4
6962,4
6963,4
6964,4
6965,4
6966,4
6967,4
6968,4
6969,4
6970,4
6971,4
6972,4
6973,4
6974,4
6975,4
6976,4
6977,4
6978,4
6979,4
6980,4
6981,4
6982,4
6983,4
6984,4
6985,4
6986,4
6987,4
6988,4
6989,4
6990,4
6991,4
6992,4
6993,4
6994,4
6995,4
6996,4
6997,4
6998,4
6999,4
7000,4
7001,4
7002,4
7003,4
7004,4
7005,4
7006,4
7007,4
7008,4
7009,4
7010,4
7011,4
7012,4
7013,4
7014,4
7015,4
7016,4
7017,4
7018,4
7019,4
7020,4
7021,4
7022,4
7023,4
7024,4
7025,4
7026,4
7027,4
7028,4
7029,4
7030,4
7031,4
7032,4
7033,4
7034,4
7035,4
7036,4
7037,4
7038,4
7039,4
7040,4
7041,4
7042,4
7043,4
7044,4
7045,4
7046,4
7047,4
7048,4
7049,4
7050,4
7051,4
7052,4
7053,4
7054,4
7055,4
7056,4
7057,4
7058,4
7059,4
7060,4
7061,4
7062,4
7063,4
7064,4
7065,4
7066,4
7067,4
7068,4
7069,4
7070,4
7071,4
7072,4
7073,4
7074,4
7075,4
7076,4
7077,4
7078,4
7079,4
7080,4
7081,4
7082,4
7083,4
7084,4
7085,4
7086,4
7087,4
7088,4
7089,4
7090,4
7091,4
7092,4
7093,4
7094,4
7095,4
7096,4
7097,4
7098,4
7099,4
7100,4
7101,4
7102,4
7103,4
7104,4
7105,4
7106,4
7107,4
7108,4
7109,4
7110,4
7111,4
7112,4
7113,4
7114,4
7115,4
7116,4
7117,4
7118,4
7119,4
7120,4
7121,4
7122,4
7123,4
7124,4
7125,4
7126,4
7127,4
7128,4
7129,4
7130,4
7131,4
7132,4
7133,4
7134,4
7135,4
7136,4
7137,4
7138,4
7139,4
7140,4
7141,4
7142,4
7143,4
7144,4
7145,4
7146,4
7147,4
7148,4
7149,4
7150,4
7151,4
7152,4
7153,4
7154,4
7155,4
7156,4
7157,4
7158,4
7159,4
7160,4
7161,4
7162,4
7163,4
7164,4
7165,4
7166,4
7167,4
7168,4
7169,4
7170,4
7171,4
7172,4
7173,4
7174,4
7175,4
7176,4
7177,4
7178,4
7179,4
7180,4
7181,4
7182,4
7183,4
7184,4
7185,4
7186,4
7187,4
7188,4
7189,4
7190,4
7191,4
7192,4
7193,4
7194,4
7195,4
7196,4
7197,4
7198,4
7199,4
7200,4
7201,4
7202,4
7203,4
7204,4
7205,4
7206,4
7207,4
7208,4
7209,4
7210,4
7211,4
7212,4
7213,4
7214,4
7215,4
7216,4
7217,4
7218,4
7219,4
7220,4
7221,4
7222,4
7223,4
7224,4
7225,4
7226,4
7227,4
7228,4
7229,4
7230,4
7231,4
7232,4
7233,4
7234,4
7235,4
7236,4
7237,4
7238,4
7239,4
7240,4
7241,4
7242,4
7243,4
7244,4
7245,4
7246,4
7247,4
7248,4
7249,4
7250,4
7251,4
7252,4
7253,4
7254,4
7255,4
7256,4
7257,4
7258,4
7259,4
7260,4
7261,4
7262,4
7263,4
7264,4
7265,4
7266,4
7267,4
7268,4
7269,4
7270,4
7271,4
7272,4
7273,4
7274,4
7275,4
7276,4
7277,4
7278,4
7279,4
7280,4
7281,4
7282,4
7283,4
7284,4
7285,4
7286,4
7287,4
7288,4
7289,4
7290,4
7291,4
7292,4
7293,4
7294,4
7295,4
7296,4
7297,5
7298,5
7299,5
7300,5
7301,5
7302,5
7303,5
7304,5
7305,5
7306,5
7307,5
7308,5
7309,5
7310,5
7311,5
7312,5
7313,5
7314,5
7315,5
7316,5
7317,5
7318,5
7319,5
7320,5
7321,5
7322,5
7323,5
7324,5
7325,5
7326,5
7327,5
7328,5
7329,5
7330,5
7331,5
7332,5
7333,5
7334,5
7335,5
7336,5
7337,5
7338,5
7339,5
7340,5
7341,5
7342,5
7343,5
7344,5
7345,5
7346,5
7347,5
7348,5
7349,5
7350,5
7351,5
7352,5
7353,5
7354,5
7355,5
7356,5
7357,5
7358,5
7359,5
7360,5
7361,5
7362,5
7363,5
7364,5
7365,5
7366,5
7367,5
7368,5
7369,5
7370,5
7371,5
7372,5
7373,5
7374,5
7375,5
7376,5
7377,5
7378,5
7379,5
7380,5
7381,5
7382,5
7383,5
7384,5
7385,5
7386,5
7387,5
7388,5
7389,5
7390,5
7391,5
7392,5
7393,5
7394,5
7395,5
7396,5
7397,5
7398,5
7399,5
7400,5
7401,5
7402,5
7403,5
7404,5
7405,5
7406,5
7407,5
7408,5
7409,5
7410,5
7411,5
7412,5
7413,5
7414,5
7415,5
7416,5
7417,5
7418,5
7419,5
7420,5
7421,5
7422,5
7423,5
7424,5
7425,5
7426,5
7427,5
7428,5
7429,5
7430,5
7431,5
7432,5
7433,5
7434,5
7435,5
7436,5
7437,5
7438,5
7439,5
7440,5
7441,5
7442,5
7443,5
7444,5
7445,5
7446,5
7447,5
7448,5
7449,5
7450,5
7451,5
7452,5
7453,5
7454,5
7455,5
7456,5
7457,5
7458,5
7459,5
7460,5
7461,5
7462,5
7463,5
7464,5
7465,5
7466,5
7467,5
7468,5
7469,5
7470,5
7471,5
7472,5
7473,5
7474,5
7475,5
7476,5
7477,5
7478,5
7479,5
7480,5
7481,5
7482,5
7483,5
7484,5
7485,5
7486,5
7487,5
7488,5
7489,5
7490,5
7491,5
7492,5
7493,5
7494,5
7495,5
7496,5
7497,5
7498,5
7499,5
7500,5
7501,5
7502,5
7503,5
7504,5
7505,5
7506,5
7507,5
7508,5
7509,5
7510,5
7511,5
7512,5
7513,5
7514,5
7515,5
7516,5
7517,5
7518,5
7519,5
7520,5
7521,5
7522,5
7523,5
7524,5
7525,5
7526,5
7527,5
7528,5
7529,5
7530,5
7531,5
7532,5
7533,5
7534,5
7535,5
7536,5
7537,5
7538,5
7539,5
7540,5
7541,5
7542,5
7543,5
7544,5
7545,5
7546,5
7547,5
7548,5
7549,5
7550,5
7551,5
7552,5
7553,5
7554,5
7555,5
7556,5
7557,5
7558,5
7559,5
7560,5
7561,5
7562,5
7563,5
7564,5
7565,5
7566,5
7567,5
7568,5
7569,5
7570,5
7571,5
7572,5
7573,5
7574,5
7575,5
7576,5
7577,5
7578,5
7579,5
7580,5
7581,5
7582,5
7583,5
7584,5
7585,5
7586,5
7587,5
7588,5
7589,5
7590,5
7591,5
7592,5
7593,5
7594,5
7595,5
7596,5
7597,5
7598,5
7599,5
7600,5
7601,5
7602,5
7603,5
7604,5
7605,5
7606,5
7607,5
7608,5
7609,5
7610,5
7611,5
7612,5
7613,5
7614,5
7615,5
7616,5
7617,5
7618,5
7619,5
7620,5
7621,5
7622,5
7623,5
7624,5
7625,5
7626,5
7627,5
7628,5
7629,5
7630,5
7631,5
7632,5
7633,5
7634,5
7635,5
7636,5
7637,5
7638,5
7639,5
7640,5
7641,5
7642,5
7643,5
7644,5
7645,5
7646,5
7647,5
7648,5
7649,5
7650,5
7651,5
7652,5
7653,5
7654,5
7655,5
7656,5
7657,5
7658,5
7659,5
7660,5
7661,5
7662,5
7663,5
7664,5
7665,5
7666,5
7667,5
7668,5
7669,5
7670,5
7671,5
7672,5
7673,5
7674,5
7675,5
7676,5
7677,5
7678,5
7679,5
7680,5
7681,5
7682,5
7683,5
7684,5
7685,5
7686,5
7687,5
7688,5
7689,5
7690,5
7691,5
7692,5
7693,5
7694,5
7695,5
7696,5
7697,5
7698,5
7699,5
7700,5
7701,5
7702,5
7703,5
7704,5
7705,5
7706,5
7707,5
7708,5
7709,5
7710,5
7711,5
7712,5
7713,5
7714,5
7715,5
7716,5
7717,5
7718,5
7719,5
7720,5
7721,5
7722,5
7723,5
7724,5
7725,5
7726,5
7727,5
7728,5
7729,5
7730,5
7731,5
7732,5
7733,5
7734,5
7735,5
7736,5
7737,5
7738,5
7739,5
7740,5
7741,5
7742,5
7743,5
7744,5
7745,5
7746,5
7747,5
7748,5
7749,5
7750,5
7751,5
7752,5
7753,5
7754,5
7755,5
7756,5
7757,5
7758,5
7759,5
7760,5
7761,5
7762,5
7763,5
7764,5
7765,5
7766,5
7767,5
7768,5
7769,5
7770,5
7771,5
7772,5
7773,5
7774,5
7775,5
7776,5
7777,5
7778,5
7779,5
7780,5
7781,5
7782,5
7783,5
7784,5
7785,5
7786,5
7787,5
7788,5
7789,5
7790,5
7791,5
7792,5
7793,5
7794,5
7795,5
7796,5
7797,5
7798,5
7799,5
7800,5
7801,5
7802,5
7803,5
7804,5
7805,5
7806,5
7807,5
7808,5
7809,5
7810,5
7811,5
7812,5
7813,5
7814,5
7815,5
7816,5
7817,5
7818,5
7819,5
7820,5
7821,5
7822,5
7823,5
7824,5
7825,5
7826,5
7827,5
7828,5
7829,5
7830,5
7831,5
7832,5
7833,5
7834,5
7835,5
7836,5
7837,5
7838,5
7839,5
7840,5
7841,5
7842,5
7843,5
7844,5
7845,5
7846,5
7847,5
7848,5
7849,5
7850,5
7851,5
7852,5
7853,5
7854,5
7855,5
7856,5
7857,5
7858,5
7859,5
7860,5
7861,5
7862,5
7863,5
7864,5
7865,5
7866,5
7867,5
7868,5
7869,5
7870,5
7871,5
7872,5
7873,5
7874,5
7875,5
7876,5
7877,5
7878,5
7879,5
7880,5
7881,5
7882,5
7883,5
7884,5
7885,5
7886,5
7887,5
7888,5
7889,5
7890,5
7891,5
7892,5
7893,5
7894,5
7895,5
7896,5
7897,5
7898,5
7899,5
7900,5
7901,5
7902,5
7903,5
7904,5
7905,5
7906,5
7907,5
7908,5
7909,5
7910,5
7911,5
7912,5
7913,5
7914,5
7915,5
7916,5
7917,5
7918,5
7919,5
7920,5
7921,5
7922,5
7923,5
7924,5
7925,5
7926,5
7927,5
7928,5
7929,5
7930,5
7931,5
7932,5
7933,5
7934,5
7935,5
7936,5
7937,5
7938,5
7939,5
7940,5
7941,5
7942,5
7943,5
7944,5
7945,5
7946,5
7947,5
7948,5
7949,5
7950,5
7951,5
7952,5
7953,5
7954,5
7955,5
7956,5
7957,5
7958,5
7959,5
7960,5
7961,5
7962,5
7963,5
7964,5
7965,5
7966,5
7967,5
7968,5
7969,5
7970,5
7971,5
7972,5
7973,5
7974,5
7975,5
7976,5
7977,5
7978,5
7979,5
7980,5
7981,5
7982,5
7983,5
7984,5
7985,5
7986,5
7987,5
7988,5
7989,5
7990,5
7991,5
7992,5
7993,5
7994,5
7995,5
7996,5
7997,5
7998,5
7999,5
8000,5
8001,5
8002,5
8003,5
8004,5
8005,5
8006,5
8007,5
8008,5
8009,5
8010,5
8011,5
8012,5
8013,5
8014,5
8015,5
8016,5
8017,5
8018,5
8019,5
8020,5
8021,5
8022,5
8023,5
8024,5
8025,5
8026,5
8027,5
8028,5
8029,5
8030,5
8031,5
8032,5
8033,5
8034,5
8035,5
8036,5
8037,5
8038,5
8039,5
8040,5
8041,6
8042,6
8043,6
8044,6
8045,6
8046,6
8047,6
8048,6
8049,6
8050,6
8051,6
8052,6
8053,6
8054,6
8055,6
8056,6
8057,6
8058,6
8059,6
8060,6
8061,6
8062,6
8063,6
8064,6
8065,6
8066,6
8067,6
8068,6
8069,6
8070,6
8071,6
8072,6
8073,6
8074,6
8075,6
8076,6
8077,6
8078,6
8079,6
8080,6
8081,6
8082,6
8083,6
8084,6
8085,6
8086,6
8087,6
8088,6
8089,6
8090,6
8091,6
8092,6
8093,6
8094,6
8095,6
8096,6
8097,6
8098,6
8099,6
8100,6
8101,6
8102,6
8103,6
8104,6
8105,6
8106,6
8107,6
8108,6
8109,6
8110,6
8111,6
8112,6
8113,6
8114,6
8115,6
8116,6
8117,6
8118,6
8119,6
8120,6
8121,6
8122,6
8123,6
8124,6
8125,6
8126,6
8127,6
8128,6
8129,6
8130,6
8131,6
8132,6
8133,6
8134,6
8135,6
8136,6
8137,6
8138,6
8139,6
8140,6
8141,6
8142,6
8143,6
8144,6
8145,6
8146,6
8147,6
8148,6
8149,6
8150,6
8151,6
8152,6
8153,6
8154,6
8155,6
8156,6
8157,6
8158,6
8159,6
8160,6
8161,6
8162,6
8163,6
8164,6
8165,6
8166,6
8167,6
8168,6
8169,6
8170,6
8171,6
8172,6
8173,6
8174,6
8175,6
8176,6
8177,6
8178,6
8179,6
8180,6
8181,6
8182,6
8183,6
8184,6
8185,6
8186,6
8187,6
8188,6
8189,6
8190,6
8191,6
8192,6
8193,6
8194,6
8195,6
8196,6
8197,6
8198,6
8199,6
8200,6
8201,6
8202,6
8203,6
8204,6
8205,6
8206,6
8207,6
8208,6
8209,6
8210,6
8211,6
8212,6
8213,6
8214,6
8215,6
8216,6
8217,6
8218,6
8219,6
8220,6
8221,6
8222,6
8223,6
8224,6
8225,6
8226,6
8227,6
8228,6
8229,6
8230,6
8231,6
8232,6
8233,6
8234,6
8235,6
8236,6
8237,6
8238,6
8239,6
8240,6
8241,6
8242,6
8243,6
8244,6
8245,6
8246,6
8247,6
8248,6
8249,6
8250,6
8251,6
8252,6
8253,6
8254,6
8255,6
8256,6
8257,6
8258,6
8259,6
8260,6
8261,6
8262,6
8263,6
8264,6
8265,6
8266,6
8267,6
8268,6
8269,6
8270,6
8271,6
8272,6
8273,6
8274,6
8275,6
8276,6
8277,6
8278,6
8279,6
8280,6
8281,6
8282,6
8283,6
8284,6
8285,6
8286,6
8287,6
8288,6
8289,6
8290,6
8291,6
8292,6
8293,6
8294,6
8295,6
8296,6
8297,6
8298,6
8299,6
8300,6
8301,6
8302,6
8303,6
8304,6
8305,6
8306,6
8307,6
8308,6
8309,6
8310,6
8311,6
8312,6
8313,6
8314,6
8315,6
8316,6
8317,6
8318,6
8319,6
8320,6
8321,6
8322,6
8323,6
8324,6
8325,6
8326,6
8327,6
8328,6
8329,6
8330,6
8331,6
8332,6
8333,6
8334,6
8335,6
8336,6
8337,6
8338,6
8339,6
8340,6
8341,6
8342,6
8343,6
8344,6
8345,6
8346,6
8347,6
8348,6
8349,6
8350,6
8351,6
8352,6
8353,6
8354,6
8355,6
8356,6
8357,6
8358,6
8359,6
8360,6
8361,6
8362,6
8363,6
8364,6
8365,6
8366,6
8367,6
8368,6
8369,6
8370,6
8371,6
8372,6
8373,6
8374,6
8375,6
8376,6
8377,6
8378,6
8379,6
8380,6
8381,6
8382,6
8383,6
8384,6
8385,6
8386,6
8387,6
8388,6
8389,6
8390,6
8391,6
8392,6
8393,6
8394,6
8395,6
8396,6
8397,6
8398,6
8399,6
8400,6
8401,6
8402,6
8403,6
8404,6
8405,6
8406,6
8407,6
8408,6
8409,6
8410,6
8411,6
8412,6
8413,6
8414,6
8415,6
8416,6
8417,6
8418,6
8419,6
8420,6
8421,6
8422,6
8423,6
8424,6
8425,6
8426,6
8427,6
8428,6
8429,6
8430,6
8431,6
8432,6
8433,6
8434,6
8435,6
8436,6
8437,6
8438,6
8439,6
8440,6
8441,6
8442,6
8443,6
8444,6
8445,6
8446,6
8447,6
8448,6
8449,6
8450,6
8451,6
8452,6
8453,6
8454,6
8455,6
8456,6
8457,6
8458,6
8459,6
8460,6
8461,6
8462,6
8463,6
8464,6
8465,6
8466,6
8467,6
8468,6
8469,6
8470,6
8471,6
8472,6
8473,6
8474,6
8475,6
8476,6
8477,6
8478,6
8479,6
8480,6
8481,6
8482,6
8483,6
8484,6
8485,6
8486,6
8487,6
8488,6
8489,6
8490,6
8491,6
8492,6
8493,6
8494,6
8495,6
8496,6
8497,6
8498,6
8499,6
8500,6
8501,6
8502,6
8503,6
8504,6
8505,6
8506,6
8507,6
8508,6
8509,6
8510,6
8511,6
8512,6
8513,6
8514,6
8515,6
8516,6
8517,6
8518,6
8519,6
8520,6
8521,6
8522,6
8523,6
8524,6
8525,6
8526,6
8527,6
8528,6
8529,6
8530,6
8531,6
8532,6
8533,6
8534,6
8535,6
8536,6
8537,6
8538,6
8539,6
8540,6
8541,6
8542,6
8543,6
8544,6
8545,6
8546,6
8547,6
8548,6
8549,6
8550,6
8551,6
8552,6
8553,6
8554,6
8555,6
8556,6
8557,6
8558,6
8559,6
8560,6
8561,6
8562,6
8563,6
8564,6
8565,6
8566,6
8567,6
8568,6
8569,6
8570,6
8571,6
8572,6
8573,6
8574,6
8575,6
8576,6
8577,6
8578,6
8579,6
8580,6
8581,6
8582,6
8583,6
8584,6
8585,6
8586,6
8587,6
8588,6
8589,6
8590,6
8591,6
8592,6
8593,6
8594,6
8595,6
8596,6
8597,6
8598,6
8599,6
8600,6
8601,6
8602,6
8603,6
8604,6
8605,6
8606,6
8607,6
8608,6
8609,6
8610,6
8611,6
8612,6
8613,6
8614,6
8615,6
8616,6
8617,6
8618,6
8619,6
8620,6
8621,6
8622,6
8623,6
8624,6
8625,6
8626,6
8627,6
8628,6
8629,6
8630,6
8631,6
8632,6
8633,6
8634,6
8635,6
8636,6
8637,6
8638,6
8639,6
8640,6
8641,6
8642,6
8643,6
8644,6
8645,6
8646,6
8647,6
8648,6
8649,6
8650,6
8651,6
8652,6
8653,6
8654,6
8655,6
8656,6
8657,6
8658,6
8659,6
8660,6
8661,6
8662,6
8663,6
8664,6
8665,6
8666,6
8667,6
8668,6
8669,6
8670,6
8671,6
8672,6
8673,6
8674,6
8675,6
8676,6
8677,6
8678,6
8679,6
8680,6
8681,6
8682,6
8683,6
8684,6
8685,6
8686,6
8687,6
8688,6
8689,6
8690,6
8691,6
8692,6
8693,6
8694,6
8695,6
8696,6
8697,6
8698,6
8699,6
8700,6
8701,6
8702,6
8703,6
8704,6
8705,6
8706,6
8707,6
8708,6
8709,6
8710,6
8711,6
8712,6
8713,6
8714,6
8715,6
8716,6
8717,6
8718,6
8719,6
8720,6
8721,6
8722,6
8723,6
8724,6
8725,6
8726,6
8727,6
8728,6
8729,6
8730,6
8731,6
8732,6
8733,6
8734,6
8735,6
8736,6
8737,6
8738,6
8739,6
8740,6
8741,6
8742,6
8743,6
8744,6
8745,6
8746,6
8747,6
8748,6
8749,6
8750,6
8751,6
8752,6
8753,6
8754,6
8755,6
8756,6
8757,6
8758,6
8759,6
8760,6